Compiled from "BasePoweredRail.java"
public class com.ericchiu.simplerail.block.base.BasePoweredRail extends net.minecraft.world.level.block.PoweredRailBlock {
  public static final com.mojang.serialization.MapCodec<net.minecraft.world.level.block.PoweredRailBlock> CODEC;

  public com.ericchiu.simplerail.block.base.BasePoweredRail(net.minecraft.world.level.block.state.BlockBehaviour$Properties);
    Code:
       0: aload_0
       1: aload_1
       2: iconst_1
       3: invokespecial #1                  // Method net/minecraft/world/level/block/PoweredRailBlock."<init>":(Lnet/minecraft/world/level/block/state/BlockBehaviour$Properties;Z)V
       6: return

  public com.mojang.serialization.MapCodec<net.minecraft.world.level.block.PoweredRailBlock> codec();
    Code:
       0: getstatic     #7                  // Field CODEC:Lcom/mojang/serialization/MapCodec;
       3: areturn

  public float getRailMaxSpeed(net.minecraft.world.level.block.state.BlockState, net.minecraft.world.level.Level, net.minecraft.core.BlockPos, net.minecraft.world.entity.vehicle.AbstractMinecart);
    Code:
       0: invokestatic  #13                 // Method com/ericchiu/simplerail/config/CommonConfig.current:()Lcom/ericchiu/simplerail/config/CommonConfig$Snapshot;
       3: astore        5
       5: aload         5
       7: invokevirtual #19                 // Method com/ericchiu/simplerail/config/CommonConfig$Snapshot.railMaxSpeed:()D
      10: d2f
      11: freturn

  public boolean canMakeSlopes(net.minecraft.world.level.block.state.BlockState, net.minecraft.world.level.BlockGetter, net.minecraft.core.BlockPos);
    Code:
       0: iconst_0
       1: ireturn

  public boolean canEntityDestroy(net.minecraft.world.level.block.state.BlockState, net.minecraft.world.level.BlockGetter, net.minecraft.core.BlockPos, net.minecraft.world.entity.Entity);
    Code:
       0: iconst_0
       1: ireturn

  static {};
    Code:
       0: invokedynamic #25,  0             // InvokeDynamic #0:apply:()Ljava/util/function/Function;
       5: invokestatic  #29                 // Method simpleCodec:(Ljava/util/function/Function;)Lcom/mojang/serialization/MapCodec;
       8: putstatic     #7                  // Field CODEC:Lcom/mojang/serialization/MapCodec;
      11: return
}
Compiled from "BaseRail.java"
public class com.ericchiu.simplerail.block.base.BaseRail extends net.minecraft.world.level.block.RailBlock {
  public static final com.mojang.serialization.MapCodec<net.minecraft.world.level.block.RailBlock> CODEC;

  public com.ericchiu.simplerail.block.base.BaseRail(net.minecraft.world.level.block.state.BlockBehaviour$Properties);
    Code:
       0: aload_0
       1: aload_1
       2: invokespecial #1                  // Method net/minecraft/world/level/block/RailBlock."<init>":(Lnet/minecraft/world/level/block/state/BlockBehaviour$Properties;)V
       5: return

  public com.mojang.serialization.MapCodec<net.minecraft.world.level.block.RailBlock> codec();
    Code:
       0: getstatic     #7                  // Field CODEC:Lcom/mojang/serialization/MapCodec;
       3: areturn

  public float getRailMaxSpeed(net.minecraft.world.level.block.state.BlockState, net.minecraft.world.level.Level, net.minecraft.core.BlockPos, net.minecraft.world.entity.vehicle.AbstractMinecart);
    Code:
       0: invokestatic  #13                 // Method com/ericchiu/simplerail/config/CommonConfig.current:()Lcom/ericchiu/simplerail/config/CommonConfig$Snapshot;
       3: astore        5
       5: aload         5
       7: invokevirtual #19                 // Method com/ericchiu/simplerail/config/CommonConfig$Snapshot.railMaxSpeed:()D
      10: d2f
      11: freturn

  public boolean canMakeSlopes(net.minecraft.world.level.block.state.BlockState, net.minecraft.world.level.BlockGetter, net.minecraft.core.BlockPos);
    Code:
       0: iconst_0
       1: ireturn

  public boolean canEntityDestroy(net.minecraft.world.level.block.state.BlockState, net.minecraft.world.level.BlockGetter, net.minecraft.core.BlockPos, net.minecraft.world.entity.Entity);
    Code:
       0: iconst_0
       1: ireturn

  static {};
    Code:
       0: invokedynamic #25,  0             // InvokeDynamic #0:apply:()Ljava/util/function/Function;
       5: invokestatic  #29                 // Method simpleCodec:(Ljava/util/function/Function;)Lcom/mojang/serialization/MapCodec;
       8: putstatic     #7                  // Field CODEC:Lcom/mojang/serialization/MapCodec;
      11: return
}
Compiled from "DestoryRail.java"
public final class com.ericchiu.simplerail.block.DestoryRail extends com.ericchiu.simplerail.block.base.BasePoweredRail {
  public static final com.mojang.serialization.MapCodec<net.minecraft.world.level.block.PoweredRailBlock> CODEC;

  public static final net.minecraft.world.level.block.state.properties.BooleanProperty NEED_POWER;

  public com.ericchiu.simplerail.block.DestoryRail(net.minecraft.world.level.block.state.BlockBehaviour$Properties);
    Code:
       0: aload_0
       1: aload_1
       2: invokespecial #1                  // Method com/ericchiu/simplerail/block/base/BasePoweredRail."<init>":(Lnet/minecraft/world/level/block/state/BlockBehaviour$Properties;)V
       5: aload_0
       6: aload_0
       7: invokevirtual #7                  // Method defaultBlockState:()Lnet/minecraft/world/level/block/state/BlockState;
      10: getstatic     #13                 // Field NEED_POWER:Lnet/minecraft/world/level/block/state/properties/BooleanProperty;
      13: iconst_0
      14: invokestatic  #17                 // Method java/lang/Boolean.valueOf:(Z)Ljava/lang/Boolean;
      17: invokevirtual #23                 // Method net/minecraft/world/level/block/state/BlockState.setValue:(Lnet/minecraft/world/level/block/state/properties/Property;Ljava/lang/Comparable;)Ljava/lang/Object;
      20: checkcast     #24                 // class net/minecraft/world/level/block/state/BlockState
      23: invokevirtual #29                 // Method registerDefaultState:(Lnet/minecraft/world/level/block/state/BlockState;)V
      26: return

  public com.mojang.serialization.MapCodec<net.minecraft.world.level.block.PoweredRailBlock> codec();
    Code:
       0: getstatic     #33                 // Field CODEC:Lcom/mojang/serialization/MapCodec;
       3: areturn

  protected void createBlockStateDefinition(net.minecraft.world.level.block.state.StateDefinition$Builder<net.minecraft.world.level.block.Block, net.minecraft.world.level.block.state.BlockState>);
    Code:
       0: aload_0
       1: aload_1
       2: invokespecial #37                 // Method com/ericchiu/simplerail/block/base/BasePoweredRail.createBlockStateDefinition:(Lnet/minecraft/world/level/block/state/StateDefinition$Builder;)V
       5: aload_1
       6: iconst_1
       7: anewarray     #41                 // class net/minecraft/world/level/block/state/properties/Property
      10: dup
      11: iconst_0
      12: getstatic     #13                 // Field NEED_POWER:Lnet/minecraft/world/level/block/state/properties/BooleanProperty;
      15: aastore
      16: invokevirtual #43                 // Method net/minecraft/world/level/block/state/StateDefinition$Builder.add:([Lnet/minecraft/world/level/block/state/properties/Property;)Lnet/minecraft/world/level/block/state/StateDefinition$Builder;
      19: pop
      20: return

  public void onMinecartPass(net.minecraft.world.level.block.state.BlockState, net.minecraft.world.level.Level, net.minecraft.core.BlockPos, net.minecraft.world.entity.vehicle.AbstractMinecart);
    Code:
       0: aload_2
       1: instanceof    #49                 // class net/minecraft/server/level/ServerLevel
       4: ifeq          21
       7: aload_2
       8: checkcast     #49                 // class net/minecraft/server/level/ServerLevel
      11: astore        5
      13: aload         4
      15: invokevirtual #51                 // Method net/minecraft/world/entity/vehicle/AbstractMinecart.isRemoved:()Z
      18: ifeq          22
      21: return
      22: invokestatic  #57                 // Method com/ericchiu/simplerail/config/CommonConfig.current:()Lcom/ericchiu/simplerail/config/CommonConfig$Snapshot;
      25: astore        6
      27: aload         6
      29: invokevirtual #63                 // Method com/ericchiu/simplerail/config/CommonConfig$Snapshot.destoryNeedPower:()Z
      32: ifeq          52
      35: aload_1
      36: getstatic     #68                 // Field POWERED:Lnet/minecraft/world/level/block/state/properties/BooleanProperty;
      39: invokevirtual #71                 // Method net/minecraft/world/level/block/state/BlockState.getValue:(Lnet/minecraft/world/level/block/state/properties/Property;)Ljava/lang/Comparable;
      42: checkcast     #18                 // class java/lang/Boolean
      45: invokevirtual #75                 // Method java/lang/Boolean.booleanValue:()Z
      48: ifne          52
      51: return
      52: aload         4
      54: invokevirtual #78                 // Method net/minecraft/world/entity/vehicle/AbstractMinecart.discard:()V
      57: aload_3
      58: invokevirtual #82                 // Method net/minecraft/core/BlockPos.getX:()I
      61: i2d
      62: ldc2_w        #88                 // double 0.5d
      65: dadd
      66: dstore        7
      68: aload_3
      69: invokevirtual #90                 // Method net/minecraft/core/BlockPos.getY:()I
      72: i2d
      73: ldc2_w        #93                 // double 0.75d
      76: dadd
      77: dstore        9
      79: aload_3
      80: invokevirtual #95                 // Method net/minecraft/core/BlockPos.getZ:()I
      83: i2d
      84: ldc2_w        #88                 // double 0.5d
      87: dadd
      88: dstore        11
      90: aload         5
      92: getstatic     #98                 // Field net/minecraft/core/particles/ParticleTypes.LARGE_SMOKE:Lnet/minecraft/core/particles/SimpleParticleType;
      95: dload         7
      97: dload         9
      99: dload         11
     101: iconst_1
     102: dconst_0
     103: dconst_0
     104: dconst_0
     105: dconst_0
     106: invokevirtual #104                // Method net/minecraft/server/level/ServerLevel.sendParticles:(Lnet/minecraft/core/particles/ParticleOptions;DDDIDDDD)I
     109: pop
     110: aload         5
     112: aconst_null
     113: dload         7
     115: dload         9
     117: dload         11
     119: getstatic     #108                // Field net/minecraft/sounds/SoundEvents.GENERIC_BURN:Lnet/minecraft/sounds/SoundEvent;
     122: getstatic     #114                // Field net/minecraft/sounds/SoundSource.BLOCKS:Lnet/minecraft/sounds/SoundSource;
     125: ldc           #120                // float 4.0f
     127: ldc           #120                // float 4.0f
     129: invokevirtual #121                // Method net/minecraft/server/level/ServerLevel.playSound:(Lnet/minecraft/world/entity/player/Player;DDDLnet/minecraft/sounds/SoundEvent;Lnet/minecraft/sounds/SoundSource;FF)V
     132: return

  protected void onPlace(net.minecraft.world.level.block.state.BlockState, net.minecraft.world.level.Level, net.minecraft.core.BlockPos, net.minecraft.world.level.block.state.BlockState, boolean);
    Code:
       0: aload_2
       1: getfield      #125                // Field net/minecraft/world/level/Level.isClientSide:Z
       4: ifne          36
       7: aload         4
       9: aload_0
      10: invokevirtual #131                // Method net/minecraft/world/level/block/state/BlockState.is:(Lnet/minecraft/world/level/block/Block;)Z
      13: ifne          36
      16: aload_1
      17: getstatic     #13                 // Field NEED_POWER:Lnet/minecraft/world/level/block/state/properties/BooleanProperty;
      20: invokestatic  #57                 // Method com/ericchiu/simplerail/config/CommonConfig.current:()Lcom/ericchiu/simplerail/config/CommonConfig$Snapshot;
      23: invokevirtual #63                 // Method com/ericchiu/simplerail/config/CommonConfig$Snapshot.destoryNeedPower:()Z
      26: invokestatic  #17                 // Method java/lang/Boolean.valueOf:(Z)Ljava/lang/Boolean;
      29: invokevirtual #23                 // Method net/minecraft/world/level/block/state/BlockState.setValue:(Lnet/minecraft/world/level/block/state/properties/Property;Ljava/lang/Comparable;)Ljava/lang/Object;
      32: checkcast     #24                 // class net/minecraft/world/level/block/state/BlockState
      35: astore_1
      36: aload_0
      37: aload_1
      38: aload_2
      39: aload_3
      40: aload         4
      42: iload         5
      44: invokespecial #135                // Method com/ericchiu/simplerail/block/base/BasePoweredRail.onPlace:(Lnet/minecraft/world/level/block/state/BlockState;Lnet/minecraft/world/level/Level;Lnet/minecraft/core/BlockPos;Lnet/minecraft/world/level/block/state/BlockState;Z)V
      47: return

  static {};
    Code:
       0: invokedynamic #139,  0            // InvokeDynamic #0:apply:()Ljava/util/function/Function;
       5: invokestatic  #143                // Method simpleCodec:(Ljava/util/function/Function;)Lcom/mojang/serialization/MapCodec;
       8: putstatic     #33                 // Field CODEC:Lcom/mojang/serialization/MapCodec;
      11: ldc           #147                // String need_power
      13: invokestatic  #149                // Method net/minecraft/world/level/block/state/properties/BooleanProperty.create:(Ljava/lang/String;)Lnet/minecraft/world/level/block/state/properties/BooleanProperty;
      16: putstatic     #13                 // Field NEED_POWER:Lnet/minecraft/world/level/block/state/properties/BooleanProperty;
      19: return
}
Compiled from "EjectRail.java"
public final class com.ericchiu.simplerail.block.EjectRail extends com.ericchiu.simplerail.block.base.BasePoweredRail {
  public static final com.mojang.serialization.MapCodec<net.minecraft.world.level.block.PoweredRailBlock> CODEC;

  public static final net.minecraft.world.level.block.state.properties.BooleanProperty REVERSE;

  public static final net.minecraft.world.level.block.state.properties.BooleanProperty NEED_POWER;

  public com.ericchiu.simplerail.block.EjectRail(net.minecraft.world.level.block.state.BlockBehaviour$Properties);
    Code:
       0: aload_0
       1: aload_1
       2: invokespecial #1                  // Method com/ericchiu/simplerail/block/base/BasePoweredRail."<init>":(Lnet/minecraft/world/level/block/state/BlockBehaviour$Properties;)V
       5: aload_0
       6: aload_0
       7: invokevirtual #7                  // Method defaultBlockState:()Lnet/minecraft/world/level/block/state/BlockState;
      10: getstatic     #13                 // Field REVERSE:Lnet/minecraft/world/level/block/state/properties/BooleanProperty;
      13: iconst_0
      14: invokestatic  #17                 // Method java/lang/Boolean.valueOf:(Z)Ljava/lang/Boolean;
      17: invokevirtual #23                 // Method net/minecraft/world/level/block/state/BlockState.setValue:(Lnet/minecraft/world/level/block/state/properties/Property;Ljava/lang/Comparable;)Ljava/lang/Object;
      20: checkcast     #24                 // class net/minecraft/world/level/block/state/BlockState
      23: getstatic     #29                 // Field NEED_POWER:Lnet/minecraft/world/level/block/state/properties/BooleanProperty;
      26: iconst_1
      27: invokestatic  #17                 // Method java/lang/Boolean.valueOf:(Z)Ljava/lang/Boolean;
      30: invokevirtual #23                 // Method net/minecraft/world/level/block/state/BlockState.setValue:(Lnet/minecraft/world/level/block/state/properties/Property;Ljava/lang/Comparable;)Ljava/lang/Object;
      33: checkcast     #24                 // class net/minecraft/world/level/block/state/BlockState
      36: invokevirtual #32                 // Method registerDefaultState:(Lnet/minecraft/world/level/block/state/BlockState;)V
      39: return

  public com.mojang.serialization.MapCodec<net.minecraft.world.level.block.PoweredRailBlock> codec();
    Code:
       0: getstatic     #36                 // Field CODEC:Lcom/mojang/serialization/MapCodec;
       3: areturn

  protected void createBlockStateDefinition(net.minecraft.world.level.block.state.StateDefinition$Builder<net.minecraft.world.level.block.Block, net.minecraft.world.level.block.state.BlockState>);
    Code:
       0: aload_0
       1: aload_1
       2: invokespecial #40                 // Method com/ericchiu/simplerail/block/base/BasePoweredRail.createBlockStateDefinition:(Lnet/minecraft/world/level/block/state/StateDefinition$Builder;)V
       5: aload_1
       6: iconst_2
       7: anewarray     #44                 // class net/minecraft/world/level/block/state/properties/Property
      10: dup
      11: iconst_0
      12: getstatic     #13                 // Field REVERSE:Lnet/minecraft/world/level/block/state/properties/BooleanProperty;
      15: aastore
      16: dup
      17: iconst_1
      18: getstatic     #29                 // Field NEED_POWER:Lnet/minecraft/world/level/block/state/properties/BooleanProperty;
      21: aastore
      22: invokevirtual #46                 // Method net/minecraft/world/level/block/state/StateDefinition$Builder.add:([Lnet/minecraft/world/level/block/state/properties/Property;)Lnet/minecraft/world/level/block/state/StateDefinition$Builder;
      25: pop
      26: return

  public void onMinecartPass(net.minecraft.world.level.block.state.BlockState, net.minecraft.world.level.Level, net.minecraft.core.BlockPos, net.minecraft.world.entity.vehicle.AbstractMinecart);
    Code:
       0: aload_2
       1: getfield      #52                 // Field net/minecraft/world/level/Level.isClientSide:Z
       4: ifeq          8
       7: return
       8: invokestatic  #58                 // Method com/ericchiu/simplerail/config/CommonConfig.current:()Lcom/ericchiu/simplerail/config/CommonConfig$Snapshot;
      11: astore        5
      13: aload         5
      15: invokevirtual #64                 // Method com/ericchiu/simplerail/config/CommonConfig$Snapshot.ejectNeedPower:()Z
      18: ifeq          38
      21: aload_1
      22: getstatic     #70                 // Field POWERED:Lnet/minecraft/world/level/block/state/properties/BooleanProperty;
      25: invokevirtual #73                 // Method net/minecraft/world/level/block/state/BlockState.getValue:(Lnet/minecraft/world/level/block/state/properties/Property;)Ljava/lang/Comparable;
      28: checkcast     #18                 // class java/lang/Boolean
      31: invokevirtual #77                 // Method java/lang/Boolean.booleanValue:()Z
      34: ifne          38
      37: return
      38: aload         4
      40: invokevirtual #80                 // Method net/minecraft/world/entity/vehicle/AbstractMinecart.getPassengers:()Ljava/util/List;
      43: invokestatic  #86                 // InterfaceMethod java/util/List.copyOf:(Ljava/util/Collection;)Ljava/util/List;
      46: astore        6
      48: aload         6
      50: invokeinterface #92,  1           // InterfaceMethod java/util/List.isEmpty:()Z
      55: ifeq          59
      58: return
      59: aload_1
      60: getstatic     #13                 // Field REVERSE:Lnet/minecraft/world/level/block/state/properties/BooleanProperty;
      63: invokevirtual #73                 // Method net/minecraft/world/level/block/state/BlockState.getValue:(Lnet/minecraft/world/level/block/state/properties/Property;)Ljava/lang/Comparable;
      66: checkcast     #18                 // class java/lang/Boolean
      69: invokevirtual #77                 // Method java/lang/Boolean.booleanValue:()Z
      72: ifeq          88
      75: aload         5
      77: invokevirtual #95                 // Method com/ericchiu/simplerail/config/CommonConfig$Snapshot.ejectTransportDistance:()I
      80: i2d
      81: ldc2_w        #99                 // double 0.5d
      84: dadd
      85: goto          99
      88: aload         5
      90: invokevirtual #95                 // Method com/ericchiu/simplerail/config/CommonConfig$Snapshot.ejectTransportDistance:()I
      93: ineg
      94: i2d
      95: ldc2_w        #99                 // double 0.5d
      98: dsub
      99: dstore        7
     101: aload_1
     102: getstatic     #101                // Field SHAPE:Lnet/minecraft/world/level/block/state/properties/EnumProperty;
     105: invokevirtual #73                 // Method net/minecraft/world/level/block/state/BlockState.getValue:(Lnet/minecraft/world/level/block/state/properties/Property;)Ljava/lang/Comparable;
     108: getstatic     #105                // Field net/minecraft/world/level/block/state/properties/RailShape.NORTH_SOUTH:Lnet/minecraft/world/level/block/state/properties/RailShape;
     111: if_acmpne     118
     114: iconst_1
     115: goto          119
     118: iconst_0
     119: istore        9
     121: aload_3
     122: invokevirtual #111                // Method net/minecraft/core/BlockPos.getX:()I
     125: i2d
     126: iload         9
     128: ifeq          136
     131: dload         7
     133: goto          139
     136: ldc2_w        #99                 // double 0.5d
     139: dadd
     140: dstore        10
     142: aload_3
     143: invokevirtual #116                // Method net/minecraft/core/BlockPos.getZ:()I
     146: i2d
     147: iload         9
     149: ifeq          158
     152: ldc2_w        #99                 // double 0.5d
     155: goto          160
     158: dload         7
     160: dadd
     161: dstore        12
     163: aload         4
     165: invokevirtual #119                // Method net/minecraft/world/entity/vehicle/AbstractMinecart.ejectPassengers:()V
     168: aload         6
     170: invokeinterface #123,  1          // InterfaceMethod java/util/List.iterator:()Ljava/util/Iterator;
     175: astore        14
     177: aload         14
     179: invokeinterface #127,  1          // InterfaceMethod java/util/Iterator.hasNext:()Z
     184: ifeq          256
     187: aload         14
     189: invokeinterface #132,  1          // InterfaceMethod java/util/Iterator.next:()Ljava/lang/Object;
     194: checkcast     #136                // class net/minecraft/world/entity/Entity
     197: astore        15
     199: aload         15
     201: getstatic     #138                // Field net/minecraft/world/phys/Vec3.ZERO:Lnet/minecraft/world/phys/Vec3;
     204: invokevirtual #144                // Method net/minecraft/world/entity/Entity.setDeltaMovement:(Lnet/minecraft/world/phys/Vec3;)V
     207: aload         15
     209: instanceof    #148                // class net/minecraft/server/level/ServerPlayer
     212: ifeq          239
     215: aload         15
     217: checkcast     #148                // class net/minecraft/server/level/ServerPlayer
     220: astore        16
     222: aload         16
     224: dload         10
     226: aload_3
     227: invokevirtual #150                // Method net/minecraft/core/BlockPos.getY:()I
     230: i2d
     231: dload         12
     233: invokevirtual #153                // Method net/minecraft/server/level/ServerPlayer.teleportTo:(DDD)V
     236: goto          253
     239: aload         15
     241: dload         10
     243: aload_3
     244: invokevirtual #150                // Method net/minecraft/core/BlockPos.getY:()I
     247: i2d
     248: dload         12
     250: invokevirtual #157                // Method net/minecraft/world/entity/Entity.moveTo:(DDD)V
     253: goto          177
     256: return

  protected void onPlace(net.minecraft.world.level.block.state.BlockState, net.minecraft.world.level.Level, net.minecraft.core.BlockPos, net.minecraft.world.level.block.state.BlockState, boolean);
    Code:
       0: aload_2
       1: getfield      #52                 // Field net/minecraft/world/level/Level.isClientSide:Z
       4: ifne          36
       7: aload         4
       9: aload_0
      10: invokevirtual #160                // Method net/minecraft/world/level/block/state/BlockState.is:(Lnet/minecraft/world/level/block/Block;)Z
      13: ifne          36
      16: aload_1
      17: getstatic     #29                 // Field NEED_POWER:Lnet/minecraft/world/level/block/state/properties/BooleanProperty;
      20: invokestatic  #58                 // Method com/ericchiu/simplerail/config/CommonConfig.current:()Lcom/ericchiu/simplerail/config/CommonConfig$Snapshot;
      23: invokevirtual #64                 // Method com/ericchiu/simplerail/config/CommonConfig$Snapshot.ejectNeedPower:()Z
      26: invokestatic  #17                 // Method java/lang/Boolean.valueOf:(Z)Ljava/lang/Boolean;
      29: invokevirtual #23                 // Method net/minecraft/world/level/block/state/BlockState.setValue:(Lnet/minecraft/world/level/block/state/properties/Property;Ljava/lang/Comparable;)Ljava/lang/Object;
      32: checkcast     #24                 // class net/minecraft/world/level/block/state/BlockState
      35: astore_1
      36: aload_0
      37: aload_1
      38: aload_2
      39: aload_3
      40: aload         4
      42: iload         5
      44: invokespecial #164                // Method com/ericchiu/simplerail/block/base/BasePoweredRail.onPlace:(Lnet/minecraft/world/level/block/state/BlockState;Lnet/minecraft/world/level/Level;Lnet/minecraft/core/BlockPos;Lnet/minecraft/world/level/block/state/BlockState;Z)V
      47: return

  static {};
    Code:
       0: invokedynamic #168,  0            // InvokeDynamic #0:apply:()Ljava/util/function/Function;
       5: invokestatic  #172                // Method simpleCodec:(Ljava/util/function/Function;)Lcom/mojang/serialization/MapCodec;
       8: putstatic     #36                 // Field CODEC:Lcom/mojang/serialization/MapCodec;
      11: ldc           #176                // String reverse
      13: invokestatic  #178                // Method net/minecraft/world/level/block/state/properties/BooleanProperty.create:(Ljava/lang/String;)Lnet/minecraft/world/level/block/state/properties/BooleanProperty;
      16: putstatic     #13                 // Field REVERSE:Lnet/minecraft/world/level/block/state/properties/BooleanProperty;
      19: ldc           #184                // String need_power
      21: invokestatic  #178                // Method net/minecraft/world/level/block/state/properties/BooleanProperty.create:(Ljava/lang/String;)Lnet/minecraft/world/level/block/state/properties/BooleanProperty;
      24: putstatic     #29                 // Field NEED_POWER:Lnet/minecraft/world/level/block/state/properties/BooleanProperty;
      27: return
}
Compiled from "HighSpeedRail.java"
public final class com.ericchiu.simplerail.block.HighSpeedRail extends com.ericchiu.simplerail.block.base.BasePoweredRail {
  public static final com.mojang.serialization.MapCodec<net.minecraft.world.level.block.PoweredRailBlock> CODEC;

  public com.ericchiu.simplerail.block.HighSpeedRail(net.minecraft.world.level.block.state.BlockBehaviour$Properties);
    Code:
       0: aload_0
       1: aload_1
       2: invokespecial #1                  // Method com/ericchiu/simplerail/block/base/BasePoweredRail."<init>":(Lnet/minecraft/world/level/block/state/BlockBehaviour$Properties;)V
       5: return

  public com.mojang.serialization.MapCodec<net.minecraft.world.level.block.PoweredRailBlock> codec();
    Code:
       0: getstatic     #7                  // Field CODEC:Lcom/mojang/serialization/MapCodec;
       3: areturn

  public boolean canMakeSlopes(net.minecraft.world.level.block.state.BlockState, net.minecraft.world.level.BlockGetter, net.minecraft.core.BlockPos);
    Code:
       0: iconst_1
       1: ireturn

  public float getRailMaxSpeed(net.minecraft.world.level.block.state.BlockState, net.minecraft.world.level.Level, net.minecraft.core.BlockPos, net.minecraft.world.entity.vehicle.AbstractMinecart);
    Code:
       0: aload_0
       1: aload_1
       2: aload_2
       3: aload_3
       4: aload         4
       6: invokespecial #13                 // Method com/ericchiu/simplerail/block/base/BasePoweredRail.getRailMaxSpeed:(Lnet/minecraft/world/level/block/state/BlockState;Lnet/minecraft/world/level/Level;Lnet/minecraft/core/BlockPos;Lnet/minecraft/world/entity/vehicle/AbstractMinecart;)F
       9: fstore        5
      11: aload         4
      13: ifnonnull     19
      16: fload         5
      18: freturn
      19: aload_0
      20: aload_1
      21: aload_2
      22: aload_3
      23: aload         4
      25: invokevirtual #17                 // Method getRailDirection:(Lnet/minecraft/world/level/block/state/BlockState;Lnet/minecraft/world/level/BlockGetter;Lnet/minecraft/core/BlockPos;Lnet/minecraft/world/entity/vehicle/AbstractMinecart;)Lnet/minecraft/world/level/block/state/properties/RailShape;
      28: astore        6
      30: aload         6
      32: getstatic     #21                 // Field net/minecraft/world/level/block/state/properties/RailShape.EAST_WEST:Lnet/minecraft/world/level/block/state/properties/RailShape;
      35: if_acmpeq     54
      38: aload         6
      40: getstatic     #27                 // Field net/minecraft/world/level/block/state/properties/RailShape.ASCENDING_EAST:Lnet/minecraft/world/level/block/state/properties/RailShape;
      43: if_acmpeq     54
      46: aload         6
      48: getstatic     #30                 // Field net/minecraft/world/level/block/state/properties/RailShape.ASCENDING_WEST:Lnet/minecraft/world/level/block/state/properties/RailShape;
      51: if_acmpne     58
      54: iconst_1
      55: goto          59
      58: iconst_0
      59: istore        7
      61: iload         7
      63: ifeq          77
      66: aload         4
      68: invokevirtual #33                 // Method net/minecraft/world/entity/vehicle/AbstractMinecart.getDeltaMovement:()Lnet/minecraft/world/phys/Vec3;
      71: getfield      #39                 // Field net/minecraft/world/phys/Vec3.x:D
      74: goto          85
      77: aload         4
      79: invokevirtual #33                 // Method net/minecraft/world/entity/vehicle/AbstractMinecart.getDeltaMovement:()Lnet/minecraft/world/phys/Vec3;
      82: getfield      #45                 // Field net/minecraft/world/phys/Vec3.z:D
      85: dstore        8
      87: dload         8
      89: dconst_0
      90: dcmpl
      91: ifne          97
      94: fload         5
      96: freturn
      97: iload         7
      99: ifeq          121
     102: dload         8
     104: dconst_0
     105: dcmpl
     106: ifle          115
     109: getstatic     #48                 // Field net/minecraft/core/Direction.EAST:Lnet/minecraft/core/Direction;
     112: goto          137
     115: getstatic     #54                 // Field net/minecraft/core/Direction.WEST:Lnet/minecraft/core/Direction;
     118: goto          137
     121: dload         8
     123: dconst_0
     124: dcmpl
     125: ifle          134
     128: getstatic     #57                 // Field net/minecraft/core/Direction.SOUTH:Lnet/minecraft/core/Direction;
     131: goto          137
     134: getstatic     #60                 // Field net/minecraft/core/Direction.NORTH:Lnet/minecraft/core/Direction;
     137: astore        10
     139: getstatic     #63                 // Field com/ericchiu/simplerail/block/HighSpeedRail$1.$SwitchMap$net$minecraft$core$Direction:[I
     142: aload         10
     144: invokevirtual #69                 // Method net/minecraft/core/Direction.ordinal:()I
     147: iaload
     148: tableswitch   { // 1 to 4
                     1: 180
                     2: 186
                     3: 192
                     4: 198
               default: 204
          }
     180: getstatic     #27                 // Field net/minecraft/world/level/block/state/properties/RailShape.ASCENDING_EAST:Lnet/minecraft/world/level/block/state/properties/RailShape;
     183: goto          214
     186: getstatic     #30                 // Field net/minecraft/world/level/block/state/properties/RailShape.ASCENDING_WEST:Lnet/minecraft/world/level/block/state/properties/RailShape;
     189: goto          214
     192: getstatic     #73                 // Field net/minecraft/world/level/block/state/properties/RailShape.ASCENDING_SOUTH:Lnet/minecraft/world/level/block/state/properties/RailShape;
     195: goto          214
     198: getstatic     #76                 // Field net/minecraft/world/level/block/state/properties/RailShape.ASCENDING_NORTH:Lnet/minecraft/world/level/block/state/properties/RailShape;
     201: goto          214
     204: new           #79                 // class java/lang/IllegalStateException
     207: dup
     208: ldc           #81                 // String Rail movement must be horizontal
     210: invokespecial #83                 // Method java/lang/IllegalStateException."<init>":(Ljava/lang/String;)V
     213: athrow
     214: astore        11
     216: aload_3
     217: aload         10
     219: invokevirtual #86                 // Method net/minecraft/core/BlockPos.relative:(Lnet/minecraft/core/Direction;)Lnet/minecraft/core/BlockPos;
     222: astore        12
     224: aload         6
     226: aload         11
     228: if_acmpne     238
     231: aload         12
     233: invokevirtual #92                 // Method net/minecraft/core/BlockPos.above:()Lnet/minecraft/core/BlockPos;
     236: astore        12
     238: aload_2
     239: aload         12
     241: invokevirtual #96                 // Method net/minecraft/world/level/Level.getBlockState:(Lnet/minecraft/core/BlockPos;)Lnet/minecraft/world/level/block/state/BlockState;
     244: astore        13
     246: aload         13
     248: invokestatic  #102                // Method net/minecraft/world/level/block/BaseRailBlock.isRail:(Lnet/minecraft/world/level/block/state/BlockState;)Z
     251: ifeq          294
     254: aload         13
     256: invokevirtual #108                // Method net/minecraft/world/level/block/state/BlockState.getBlock:()Lnet/minecraft/world/level/block/Block;
     259: checkcast     #103                // class net/minecraft/world/level/block/BaseRailBlock
     262: aload         13
     264: aload_2
     265: aload         12
     267: aload         4
     269: invokevirtual #114                // Method net/minecraft/world/level/block/BaseRailBlock.getRailDirection:(Lnet/minecraft/world/level/block/state/BlockState;Lnet/minecraft/world/level/BlockGetter;Lnet/minecraft/core/BlockPos;Lnet/minecraft/world/entity/vehicle/AbstractMinecart;)Lnet/minecraft/world/level/block/state/properties/RailShape;
     272: aload         11
     274: if_acmpne     294
     277: aload         4
     279: invokevirtual #115                // Method net/minecraft/world/entity/vehicle/AbstractMinecart.getY:()D
     282: aload         12
     284: invokevirtual #119                // Method net/minecraft/core/BlockPos.getY:()I
     287: i2d
     288: dconst_1
     289: dadd
     290: dcmpl
     291: iflt          297
     294: fload         5
     296: freturn
     297: iload         7
     299: ifeq          310
     302: aload         4
     304: invokevirtual #121                // Method net/minecraft/world/entity/vehicle/AbstractMinecart.getX:()D
     307: goto          315
     310: aload         4
     312: invokevirtual #124                // Method net/minecraft/world/entity/vehicle/AbstractMinecart.getZ:()D
     315: dstore        14
     317: iload         7
     319: ifeq          333
     322: aload         4
     324: invokevirtual #127                // Method net/minecraft/world/entity/vehicle/AbstractMinecart.getBoundingBox:()Lnet/minecraft/world/phys/AABB;
     327: invokevirtual #131                // Method net/minecraft/world/phys/AABB.getXsize:()D
     330: goto          341
     333: aload         4
     335: invokevirtual #127                // Method net/minecraft/world/entity/vehicle/AbstractMinecart.getBoundingBox:()Lnet/minecraft/world/phys/AABB;
     338: invokevirtual #136                // Method net/minecraft/world/phys/AABB.getZsize:()D
     341: ldc2_w        #139                // double 0.5d
     344: dmul
     345: dstore        16
     347: iload         7
     349: ifeq          360
     352: aload         12
     354: invokevirtual #141                // Method net/minecraft/core/BlockPos.getX:()I
     357: goto          365
     360: aload         12
     362: invokevirtual #143                // Method net/minecraft/core/BlockPos.getZ:()I
     365: istore        18
     367: dload         8
     369: dconst_0
     370: dcmpl
     371: ifle          382
     374: iload         18
     376: i2d
     377: dconst_1
     378: dadd
     379: goto          385
     382: iload         18
     384: i2d
     385: dstore        19
     387: dload         19
     389: dload         14
     391: dsub
     392: dload         8
     394: invokestatic  #145                // Method java/lang/Math.signum:(D)D
     397: dmul
     398: dstore        21
     400: fload         5
     402: dload         21
     404: dload         16
     406: invokestatic  #151                // Method com/ericchiu/simplerail/block/RailAscentMovementLimit.limit:(FDD)F
     409: freturn

  static {};
    Code:
       0: invokedynamic #157,  0            // InvokeDynamic #0:apply:()Ljava/util/function/Function;
       5: invokestatic  #161                // Method simpleCodec:(Ljava/util/function/Function;)Lcom/mojang/serialization/MapCodec;
       8: putstatic     #7                  // Field CODEC:Lcom/mojang/serialization/MapCodec;
      11: return
}
Compiled from "HighSpeedRail.java"
class com.ericchiu.simplerail.block.HighSpeedRail$1 {
  static final int[] $SwitchMap$net$minecraft$core$Direction;

  static {};
    Code:
       0: invokestatic  #1                  // Method net/minecraft/core/Direction.values:()[Lnet/minecraft/core/Direction;
       3: arraylength
       4: newarray       int
       6: putstatic     #7                  // Field $SwitchMap$net$minecraft$core$Direction:[I
       9: getstatic     #7                  // Field $SwitchMap$net$minecraft$core$Direction:[I
      12: getstatic     #13                 // Field net/minecraft/core/Direction.EAST:Lnet/minecraft/core/Direction;
      15: invokevirtual #17                 // Method net/minecraft/core/Direction.ordinal:()I
      18: iconst_1
      19: iastore
      20: goto          24
      23: astore_0
      24: getstatic     #7                  // Field $SwitchMap$net$minecraft$core$Direction:[I
      27: getstatic     #23                 // Field net/minecraft/core/Direction.WEST:Lnet/minecraft/core/Direction;
      30: invokevirtual #17                 // Method net/minecraft/core/Direction.ordinal:()I
      33: iconst_2
      34: iastore
      35: goto          39
      38: astore_0
      39: getstatic     #7                  // Field $SwitchMap$net$minecraft$core$Direction:[I
      42: getstatic     #26                 // Field net/minecraft/core/Direction.SOUTH:Lnet/minecraft/core/Direction;
      45: invokevirtual #17                 // Method net/minecraft/core/Direction.ordinal:()I
      48: iconst_3
      49: iastore
      50: goto          54
      53: astore_0
      54: getstatic     #7                  // Field $SwitchMap$net$minecraft$core$Direction:[I
      57: getstatic     #29                 // Field net/minecraft/core/Direction.NORTH:Lnet/minecraft/core/Direction;
      60: invokevirtual #17                 // Method net/minecraft/core/Direction.ordinal:()I
      63: iconst_4
      64: iastore
      65: goto          69
      68: astore_0
      69: return
    Exception table:
       from    to  target type
           9    20    23   Class java/lang/NoSuchFieldError
          24    35    38   Class java/lang/NoSuchFieldError
          39    50    53   Class java/lang/NoSuchFieldError
          54    65    68   Class java/lang/NoSuchFieldError
}
Compiled from "HoldingRail.java"
public final class com.ericchiu.simplerail.block.HoldingRail extends com.ericchiu.simplerail.block.base.BasePoweredRail {
  public static final com.mojang.serialization.MapCodec<net.minecraft.world.level.block.PoweredRailBlock> CODEC;

  public static final net.minecraft.world.level.block.state.properties.EnumProperty<net.minecraft.core.Direction> DIRECTION;

  public com.ericchiu.simplerail.block.HoldingRail(net.minecraft.world.level.block.state.BlockBehaviour$Properties);
    Code:
       0: aload_0
       1: aload_1
       2: invokespecial #1                  // Method com/ericchiu/simplerail/block/base/BasePoweredRail."<init>":(Lnet/minecraft/world/level/block/state/BlockBehaviour$Properties;)V
       5: aload_0
       6: aload_0
       7: invokevirtual #7                  // Method defaultBlockState:()Lnet/minecraft/world/level/block/state/BlockState;
      10: getstatic     #13                 // Field DIRECTION:Lnet/minecraft/world/level/block/state/properties/EnumProperty;
      13: getstatic     #17                 // Field net/minecraft/core/Direction.NORTH:Lnet/minecraft/core/Direction;
      16: invokevirtual #23                 // Method net/minecraft/world/level/block/state/BlockState.setValue:(Lnet/minecraft/world/level/block/state/properties/Property;Ljava/lang/Comparable;)Ljava/lang/Object;
      19: checkcast     #24                 // class net/minecraft/world/level/block/state/BlockState
      22: invokevirtual #29                 // Method registerDefaultState:(Lnet/minecraft/world/level/block/state/BlockState;)V
      25: return

  public com.mojang.serialization.MapCodec<net.minecraft.world.level.block.PoweredRailBlock> codec();
    Code:
       0: getstatic     #33                 // Field CODEC:Lcom/mojang/serialization/MapCodec;
       3: areturn

  protected void createBlockStateDefinition(net.minecraft.world.level.block.state.StateDefinition$Builder<net.minecraft.world.level.block.Block, net.minecraft.world.level.block.state.BlockState>);
    Code:
       0: aload_0
       1: aload_1
       2: invokespecial #37                 // Method com/ericchiu/simplerail/block/base/BasePoweredRail.createBlockStateDefinition:(Lnet/minecraft/world/level/block/state/StateDefinition$Builder;)V
       5: aload_1
       6: iconst_1
       7: anewarray     #41                 // class net/minecraft/world/level/block/state/properties/Property
      10: dup
      11: iconst_0
      12: getstatic     #13                 // Field DIRECTION:Lnet/minecraft/world/level/block/state/properties/EnumProperty;
      15: aastore
      16: invokevirtual #43                 // Method net/minecraft/world/level/block/state/StateDefinition$Builder.add:([Lnet/minecraft/world/level/block/state/properties/Property;)Lnet/minecraft/world/level/block/state/StateDefinition$Builder;
      19: pop
      20: return

  public void onMinecartPass(net.minecraft.world.level.block.state.BlockState, net.minecraft.world.level.Level, net.minecraft.core.BlockPos, net.minecraft.world.entity.vehicle.AbstractMinecart);
    Code:
       0: aload_2
       1: getfield      #49                 // Field net/minecraft/world/level/Level.isClientSide:Z
       4: ifne          23
       7: aload_1
       8: getstatic     #55                 // Field POWERED:Lnet/minecraft/world/level/block/state/properties/BooleanProperty;
      11: invokevirtual #59                 // Method net/minecraft/world/level/block/state/BlockState.getValue:(Lnet/minecraft/world/level/block/state/properties/Property;)Ljava/lang/Comparable;
      14: checkcast     #63                 // class java/lang/Boolean
      17: invokevirtual #65                 // Method java/lang/Boolean.booleanValue:()Z
      20: ifeq          24
      23: return
      24: aload         4
      26: invokevirtual #69                 // Method net/minecraft/world/entity/vehicle/AbstractMinecart.getDeltaMovement:()Lnet/minecraft/world/phys/Vec3;
      29: getstatic     #75                 // Field net/minecraft/world/phys/Vec3.ZERO:Lnet/minecraft/world/phys/Vec3;
      32: invokevirtual #81                 // Method net/minecraft/world/phys/Vec3.equals:(Ljava/lang/Object;)Z
      35: ifne          60
      38: aload_2
      39: aload_3
      40: aload_1
      41: getstatic     #13                 // Field DIRECTION:Lnet/minecraft/world/level/block/state/properties/EnumProperty;
      44: aload         4
      46: invokevirtual #85                 // Method net/minecraft/world/entity/vehicle/AbstractMinecart.getMotionDirection:()Lnet/minecraft/core/Direction;
      49: invokevirtual #23                 // Method net/minecraft/world/level/block/state/BlockState.setValue:(Lnet/minecraft/world/level/block/state/properties/Property;Ljava/lang/Comparable;)Ljava/lang/Object;
      52: checkcast     #24                 // class net/minecraft/world/level/block/state/BlockState
      55: iconst_3
      56: invokevirtual #91                 // Method net/minecraft/world/level/Level.setBlock:(Lnet/minecraft/core/BlockPos;Lnet/minecraft/world/level/block/state/BlockState;I)Z
      59: pop
      60: aload         4
      62: getstatic     #75                 // Field net/minecraft/world/phys/Vec3.ZERO:Lnet/minecraft/world/phys/Vec3;
      65: invokevirtual #95                 // Method net/minecraft/world/entity/vehicle/AbstractMinecart.setDeltaMovement:(Lnet/minecraft/world/phys/Vec3;)V
      68: aload         4
      70: aload_3
      71: aload         4
      73: invokevirtual #99                 // Method net/minecraft/world/entity/vehicle/AbstractMinecart.getYRot:()F
      76: aload         4
      78: invokevirtual #103                // Method net/minecraft/world/entity/vehicle/AbstractMinecart.getXRot:()F
      81: invokevirtual #106                // Method net/minecraft/world/entity/vehicle/AbstractMinecart.moveTo:(Lnet/minecraft/core/BlockPos;FF)V
      84: return

  protected void updateState(net.minecraft.world.level.block.state.BlockState, net.minecraft.world.level.Level, net.minecraft.core.BlockPos, net.minecraft.world.level.block.Block);
    Code:
       0: aload_2
       1: getfield      #49                 // Field net/minecraft/world/level/Level.isClientSide:Z
       4: ifeq          8
       7: return
       8: aload_1
       9: getstatic     #55                 // Field POWERED:Lnet/minecraft/world/level/block/state/properties/BooleanProperty;
      12: invokevirtual #59                 // Method net/minecraft/world/level/block/state/BlockState.getValue:(Lnet/minecraft/world/level/block/state/properties/Property;)Ljava/lang/Comparable;
      15: checkcast     #63                 // class java/lang/Boolean
      18: invokevirtual #65                 // Method java/lang/Boolean.booleanValue:()Z
      21: istore        5
      23: aload_0
      24: aload_1
      25: aload_2
      26: aload_3
      27: aload         4
      29: invokespecial #110                // Method com/ericchiu/simplerail/block/base/BasePoweredRail.updateState:(Lnet/minecraft/world/level/block/state/BlockState;Lnet/minecraft/world/level/Level;Lnet/minecraft/core/BlockPos;Lnet/minecraft/world/level/block/Block;)V
      32: aload_2
      33: aload_3
      34: invokevirtual #114                // Method net/minecraft/world/level/Level.getBlockState:(Lnet/minecraft/core/BlockPos;)Lnet/minecraft/world/level/block/state/BlockState;
      37: astore        6
      39: aload         6
      41: aload_0
      42: invokevirtual #118                // Method net/minecraft/world/level/block/state/BlockState.is:(Lnet/minecraft/world/level/block/Block;)Z
      45: ifeq          164
      48: iload         5
      50: ifne          164
      53: aload         6
      55: getstatic     #55                 // Field POWERED:Lnet/minecraft/world/level/block/state/properties/BooleanProperty;
      58: invokevirtual #59                 // Method net/minecraft/world/level/block/state/BlockState.getValue:(Lnet/minecraft/world/level/block/state/properties/Property;)Ljava/lang/Comparable;
      61: checkcast     #63                 // class java/lang/Boolean
      64: invokevirtual #65                 // Method java/lang/Boolean.booleanValue:()Z
      67: ifeq          164
      70: aload         6
      72: getstatic     #13                 // Field DIRECTION:Lnet/minecraft/world/level/block/state/properties/EnumProperty;
      75: invokevirtual #59                 // Method net/minecraft/world/level/block/state/BlockState.getValue:(Lnet/minecraft/world/level/block/state/properties/Property;)Ljava/lang/Comparable;
      78: checkcast     #18                 // class net/minecraft/core/Direction
      81: astore        7
      83: aload_2
      84: ldc           #70                 // class net/minecraft/world/entity/vehicle/AbstractMinecart
      86: new           #122                // class net/minecraft/world/phys/AABB
      89: dup
      90: aload_3
      91: invokespecial #124                // Method net/minecraft/world/phys/AABB."<init>":(Lnet/minecraft/core/BlockPos;)V
      94: invokevirtual #127                // Method net/minecraft/world/level/Level.getEntitiesOfClass:(Ljava/lang/Class;Lnet/minecraft/world/phys/AABB;)Ljava/util/List;
      97: invokeinterface #131,  1          // InterfaceMethod java/util/List.iterator:()Ljava/util/Iterator;
     102: astore        8
     104: aload         8
     106: invokeinterface #137,  1          // InterfaceMethod java/util/Iterator.hasNext:()Z
     111: ifeq          164
     114: aload         8
     116: invokeinterface #142,  1          // InterfaceMethod java/util/Iterator.next:()Ljava/lang/Object;
     121: checkcast     #70                 // class net/minecraft/world/entity/vehicle/AbstractMinecart
     124: astore        9
     126: aload         9
     128: aload         7
     130: invokevirtual #146                // Method net/minecraft/core/Direction.getStepX:()I
     133: i2d
     134: ldc2_w        #150                // double 0.4d
     137: dmul
     138: aload         7
     140: invokevirtual #152                // Method net/minecraft/core/Direction.getStepY:()I
     143: i2d
     144: ldc2_w        #150                // double 0.4d
     147: dmul
     148: aload         7
     150: invokevirtual #155                // Method net/minecraft/core/Direction.getStepZ:()I
     153: i2d
     154: ldc2_w        #150                // double 0.4d
     157: dmul
     158: invokevirtual #158                // Method net/minecraft/world/entity/vehicle/AbstractMinecart.setDeltaMovement:(DDD)V
     161: goto          104
     164: return

  static {};
    Code:
       0: invokedynamic #161,  0            // InvokeDynamic #0:apply:()Ljava/util/function/Function;
       5: invokestatic  #165                // Method simpleCodec:(Ljava/util/function/Function;)Lcom/mojang/serialization/MapCodec;
       8: putstatic     #33                 // Field CODEC:Lcom/mojang/serialization/MapCodec;
      11: ldc           #169                // String direction
      13: ldc           #18                 // class net/minecraft/core/Direction
      15: invokestatic  #171                // Method net/minecraft/world/level/block/state/properties/EnumProperty.create:(Ljava/lang/String;Ljava/lang/Class;)Lnet/minecraft/world/level/block/state/properties/EnumProperty;
      18: putstatic     #13                 // Field DIRECTION:Lnet/minecraft/world/level/block/state/properties/EnumProperty;
      21: return
}
Compiled from "OnewayRail.java"
public final class com.ericchiu.simplerail.block.OnewayRail extends com.ericchiu.simplerail.block.base.BasePoweredRail {
  public static final com.mojang.serialization.MapCodec<net.minecraft.world.level.block.PoweredRailBlock> CODEC;

  public static final net.minecraft.world.level.block.state.properties.BooleanProperty REVERSE;

  public static final net.minecraft.world.level.block.state.properties.BooleanProperty NEED_POWER;

  public static final net.minecraft.world.level.block.state.properties.BooleanProperty USE_POWER;

  public com.ericchiu.simplerail.block.OnewayRail(net.minecraft.world.level.block.state.BlockBehaviour$Properties);
    Code:
       0: aload_0
       1: aload_1
       2: invokespecial #1                  // Method com/ericchiu/simplerail/block/base/BasePoweredRail."<init>":(Lnet/minecraft/world/level/block/state/BlockBehaviour$Properties;)V
       5: aload_0
       6: aload_0
       7: invokevirtual #7                  // Method defaultBlockState:()Lnet/minecraft/world/level/block/state/BlockState;
      10: getstatic     #13                 // Field REVERSE:Lnet/minecraft/world/level/block/state/properties/BooleanProperty;
      13: iconst_0
      14: invokestatic  #17                 // Method java/lang/Boolean.valueOf:(Z)Ljava/lang/Boolean;
      17: invokevirtual #23                 // Method net/minecraft/world/level/block/state/BlockState.setValue:(Lnet/minecraft/world/level/block/state/properties/Property;Ljava/lang/Comparable;)Ljava/lang/Object;
      20: checkcast     #24                 // class net/minecraft/world/level/block/state/BlockState
      23: getstatic     #29                 // Field NEED_POWER:Lnet/minecraft/world/level/block/state/properties/BooleanProperty;
      26: iconst_1
      27: invokestatic  #17                 // Method java/lang/Boolean.valueOf:(Z)Ljava/lang/Boolean;
      30: invokevirtual #23                 // Method net/minecraft/world/level/block/state/BlockState.setValue:(Lnet/minecraft/world/level/block/state/properties/Property;Ljava/lang/Comparable;)Ljava/lang/Object;
      33: checkcast     #24                 // class net/minecraft/world/level/block/state/BlockState
      36: getstatic     #32                 // Field USE_POWER:Lnet/minecraft/world/level/block/state/properties/BooleanProperty;
      39: iconst_0
      40: invokestatic  #17                 // Method java/lang/Boolean.valueOf:(Z)Ljava/lang/Boolean;
      43: invokevirtual #23                 // Method net/minecraft/world/level/block/state/BlockState.setValue:(Lnet/minecraft/world/level/block/state/properties/Property;Ljava/lang/Comparable;)Ljava/lang/Object;
      46: checkcast     #24                 // class net/minecraft/world/level/block/state/BlockState
      49: invokevirtual #35                 // Method registerDefaultState:(Lnet/minecraft/world/level/block/state/BlockState;)V
      52: return

  public com.mojang.serialization.MapCodec<net.minecraft.world.level.block.PoweredRailBlock> codec();
    Code:
       0: getstatic     #39                 // Field CODEC:Lcom/mojang/serialization/MapCodec;
       3: areturn

  protected void createBlockStateDefinition(net.minecraft.world.level.block.state.StateDefinition$Builder<net.minecraft.world.level.block.Block, net.minecraft.world.level.block.state.BlockState>);
    Code:
       0: aload_0
       1: aload_1
       2: invokespecial #43                 // Method com/ericchiu/simplerail/block/base/BasePoweredRail.createBlockStateDefinition:(Lnet/minecraft/world/level/block/state/StateDefinition$Builder;)V
       5: aload_1
       6: iconst_3
       7: anewarray     #47                 // class net/minecraft/world/level/block/state/properties/Property
      10: dup
      11: iconst_0
      12: getstatic     #13                 // Field REVERSE:Lnet/minecraft/world/level/block/state/properties/BooleanProperty;
      15: aastore
      16: dup
      17: iconst_1
      18: getstatic     #29                 // Field NEED_POWER:Lnet/minecraft/world/level/block/state/properties/BooleanProperty;
      21: aastore
      22: dup
      23: iconst_2
      24: getstatic     #32                 // Field USE_POWER:Lnet/minecraft/world/level/block/state/properties/BooleanProperty;
      27: aastore
      28: invokevirtual #49                 // Method net/minecraft/world/level/block/state/StateDefinition$Builder.add:([Lnet/minecraft/world/level/block/state/properties/Property;)Lnet/minecraft/world/level/block/state/StateDefinition$Builder;
      31: pop
      32: return

  public void onMinecartPass(net.minecraft.world.level.block.state.BlockState, net.minecraft.world.level.Level, net.minecraft.core.BlockPos, net.minecraft.world.entity.vehicle.AbstractMinecart);
    Code:
       0: aload_2
       1: getfield      #55                 // Field net/minecraft/world/level/Level.isClientSide:Z
       4: ifeq          8
       7: return
       8: invokestatic  #61                 // Method com/ericchiu/simplerail/config/CommonConfig.current:()Lcom/ericchiu/simplerail/config/CommonConfig$Snapshot;
      11: astore        5
      13: aload         5
      15: invokevirtual #67                 // Method com/ericchiu/simplerail/config/CommonConfig$Snapshot.onewayUsePowerChangeDirection:()Z
      18: ifne          45
      21: aload_1
      22: getstatic     #73                 // Field POWERED:Lnet/minecraft/world/level/block/state/properties/BooleanProperty;
      25: invokevirtual #76                 // Method net/minecraft/world/level/block/state/BlockState.getValue:(Lnet/minecraft/world/level/block/state/properties/Property;)Ljava/lang/Comparable;
      28: checkcast     #18                 // class java/lang/Boolean
      31: invokevirtual #80                 // Method java/lang/Boolean.booleanValue:()Z
      34: ifne          45
      37: aload         5
      39: invokevirtual #83                 // Method com/ericchiu/simplerail/config/CommonConfig$Snapshot.onewayNeedPower:()Z
      42: ifne          49
      45: iconst_1
      46: goto          50
      49: iconst_0
      50: istore        6
      52: iload         6
      54: ifeq          130
      57: aload_1
      58: getstatic     #13                 // Field REVERSE:Lnet/minecraft/world/level/block/state/properties/BooleanProperty;
      61: invokevirtual #76                 // Method net/minecraft/world/level/block/state/BlockState.getValue:(Lnet/minecraft/world/level/block/state/properties/Property;)Ljava/lang/Comparable;
      64: checkcast     #18                 // class java/lang/Boolean
      67: invokevirtual #80                 // Method java/lang/Boolean.booleanValue:()Z
      70: istore        7
      72: aload_1
      73: getstatic     #86                 // Field SHAPE:Lnet/minecraft/world/level/block/state/properties/EnumProperty;
      76: invokevirtual #76                 // Method net/minecraft/world/level/block/state/BlockState.getValue:(Lnet/minecraft/world/level/block/state/properties/Property;)Ljava/lang/Comparable;
      79: getstatic     #90                 // Field net/minecraft/world/level/block/state/properties/RailShape.NORTH_SOUTH:Lnet/minecraft/world/level/block/state/properties/RailShape;
      82: if_acmpne     109
      85: aload         4
      87: dconst_0
      88: dconst_0
      89: iload         7
      91: ifeq          100
      94: ldc2_w        #96                 // double 0.4d
      97: goto          103
     100: ldc2_w        #98                 // double -0.4d
     103: invokevirtual #100                // Method net/minecraft/world/entity/vehicle/AbstractMinecart.setDeltaMovement:(DDD)V
     106: goto          130
     109: aload         4
     111: iload         7
     113: ifeq          122
     116: ldc2_w        #98                 // double -0.4d
     119: goto          125
     122: ldc2_w        #96                 // double 0.4d
     125: dconst_0
     126: dconst_0
     127: invokevirtual #100                // Method net/minecraft/world/entity/vehicle/AbstractMinecart.setDeltaMovement:(DDD)V
     130: return

  protected void onPlace(net.minecraft.world.level.block.state.BlockState, net.minecraft.world.level.Level, net.minecraft.core.BlockPos, net.minecraft.world.level.block.state.BlockState, boolean);
    Code:
       0: aload_2
       1: getfield      #55                 // Field net/minecraft/world/level/Level.isClientSide:Z
       4: ifne          57
       7: aload         4
       9: aload_0
      10: invokevirtual #106                // Method net/minecraft/world/level/block/state/BlockState.is:(Lnet/minecraft/world/level/block/Block;)Z
      13: ifne          57
      16: invokestatic  #61                 // Method com/ericchiu/simplerail/config/CommonConfig.current:()Lcom/ericchiu/simplerail/config/CommonConfig$Snapshot;
      19: astore        6
      21: aload_1
      22: getstatic     #29                 // Field NEED_POWER:Lnet/minecraft/world/level/block/state/properties/BooleanProperty;
      25: aload         6
      27: invokevirtual #83                 // Method com/ericchiu/simplerail/config/CommonConfig$Snapshot.onewayNeedPower:()Z
      30: invokestatic  #17                 // Method java/lang/Boolean.valueOf:(Z)Ljava/lang/Boolean;
      33: invokevirtual #23                 // Method net/minecraft/world/level/block/state/BlockState.setValue:(Lnet/minecraft/world/level/block/state/properties/Property;Ljava/lang/Comparable;)Ljava/lang/Object;
      36: checkcast     #24                 // class net/minecraft/world/level/block/state/BlockState
      39: getstatic     #32                 // Field USE_POWER:Lnet/minecraft/world/level/block/state/properties/BooleanProperty;
      42: aload         6
      44: invokevirtual #67                 // Method com/ericchiu/simplerail/config/CommonConfig$Snapshot.onewayUsePowerChangeDirection:()Z
      47: invokestatic  #17                 // Method java/lang/Boolean.valueOf:(Z)Ljava/lang/Boolean;
      50: invokevirtual #23                 // Method net/minecraft/world/level/block/state/BlockState.setValue:(Lnet/minecraft/world/level/block/state/properties/Property;Ljava/lang/Comparable;)Ljava/lang/Object;
      53: checkcast     #24                 // class net/minecraft/world/level/block/state/BlockState
      56: astore_1
      57: aload_0
      58: aload_1
      59: aload_2
      60: aload_3
      61: aload         4
      63: iload         5
      65: invokespecial #110                // Method com/ericchiu/simplerail/block/base/BasePoweredRail.onPlace:(Lnet/minecraft/world/level/block/state/BlockState;Lnet/minecraft/world/level/Level;Lnet/minecraft/core/BlockPos;Lnet/minecraft/world/level/block/state/BlockState;Z)V
      68: return

  static {};
    Code:
       0: invokedynamic #114,  0            // InvokeDynamic #0:apply:()Ljava/util/function/Function;
       5: invokestatic  #118                // Method simpleCodec:(Ljava/util/function/Function;)Lcom/mojang/serialization/MapCodec;
       8: putstatic     #39                 // Field CODEC:Lcom/mojang/serialization/MapCodec;
      11: ldc           #122                // String reverse
      13: invokestatic  #124                // Method net/minecraft/world/level/block/state/properties/BooleanProperty.create:(Ljava/lang/String;)Lnet/minecraft/world/level/block/state/properties/BooleanProperty;
      16: putstatic     #13                 // Field REVERSE:Lnet/minecraft/world/level/block/state/properties/BooleanProperty;
      19: ldc           #130                // String need_power
      21: invokestatic  #124                // Method net/minecraft/world/level/block/state/properties/BooleanProperty.create:(Ljava/lang/String;)Lnet/minecraft/world/level/block/state/properties/BooleanProperty;
      24: putstatic     #29                 // Field NEED_POWER:Lnet/minecraft/world/level/block/state/properties/BooleanProperty;
      27: ldc           #132                // String use_power
      29: invokestatic  #124                // Method net/minecraft/world/level/block/state/properties/BooleanProperty.create:(Ljava/lang/String;)Lnet/minecraft/world/level/block/state/properties/BooleanProperty;
      32: putstatic     #32                 // Field USE_POWER:Lnet/minecraft/world/level/block/state/properties/BooleanProperty;
      35: return
}
Compiled from "RailAscentMovementLimit.java"
final class com.ericchiu.simplerail.block.RailAscentMovementLimit {
  private static final double CLEARANCE;

  private com.ericchiu.simplerail.block.RailAscentMovementLimit();
    Code:
       0: aload_0
       1: invokespecial #1                  // Method java/lang/Object."<init>":()V
       4: return

  static float limit(float, double, double);
    Code:
       0: dconst_0
       1: fload_0
       2: f2d
       3: dload_1
       4: dload_3
       5: dsub
       6: ldc2_w        #9                  // double 1.0E-6d
       9: dsub
      10: invokestatic  #11                 // Method java/lang/Math.min:(DD)D
      13: invokestatic  #17                 // Method java/lang/Math.max:(DD)D
      16: dstore        5
      18: dload         5
      20: d2f
      21: fstore        7
      23: fload         7
      25: f2d
      26: dload         5
      28: dcmpl
      29: ifle          40
      32: fload         7
      34: invokestatic  #20                 // Method java/lang/Math.nextDown:(F)F
      37: goto          42
      40: fload         7
      42: freturn
}
Compiled from "SignalTimerBlock.java"
public final class com.ericchiu.simplerail.block.SignalTimerBlock extends net.minecraft.world.level.block.Block implements net.minecraft.world.level.block.EntityBlock {
  public static final com.mojang.serialization.MapCodec<com.ericchiu.simplerail.block.SignalTimerBlock> CODEC;

  public static final net.minecraft.world.level.block.state.properties.IntegerProperty LEVEL;

  public static final net.minecraft.world.level.block.state.properties.BooleanProperty POWERED;

  public com.ericchiu.simplerail.block.SignalTimerBlock(net.minecraft.world.level.block.state.BlockBehaviour$Properties);
    Code:
       0: aload_0
       1: aload_1
       2: invokespecial #1                  // Method net/minecraft/world/level/block/Block."<init>":(Lnet/minecraft/world/level/block/state/BlockBehaviour$Properties;)V
       5: aload_0
       6: aload_0
       7: invokevirtual #7                  // Method defaultBlockState:()Lnet/minecraft/world/level/block/state/BlockState;
      10: getstatic     #13                 // Field LEVEL:Lnet/minecraft/world/level/block/state/properties/IntegerProperty;
      13: iconst_0
      14: invokestatic  #17                 // Method java/lang/Integer.valueOf:(I)Ljava/lang/Integer;
      17: invokevirtual #23                 // Method net/minecraft/world/level/block/state/BlockState.setValue:(Lnet/minecraft/world/level/block/state/properties/Property;Ljava/lang/Comparable;)Ljava/lang/Object;
      20: checkcast     #24                 // class net/minecraft/world/level/block/state/BlockState
      23: getstatic     #29                 // Field POWERED:Lnet/minecraft/world/level/block/state/properties/BooleanProperty;
      26: iconst_0
      27: invokestatic  #33                 // Method java/lang/Boolean.valueOf:(Z)Ljava/lang/Boolean;
      30: invokevirtual #23                 // Method net/minecraft/world/level/block/state/BlockState.setValue:(Lnet/minecraft/world/level/block/state/properties/Property;Ljava/lang/Comparable;)Ljava/lang/Object;
      33: checkcast     #24                 // class net/minecraft/world/level/block/state/BlockState
      36: invokevirtual #38                 // Method registerDefaultState:(Lnet/minecraft/world/level/block/state/BlockState;)V
      39: return

  protected com.mojang.serialization.MapCodec<com.ericchiu.simplerail.block.SignalTimerBlock> codec();
    Code:
       0: getstatic     #42                 // Field CODEC:Lcom/mojang/serialization/MapCodec;
       3: areturn

  protected void createBlockStateDefinition(net.minecraft.world.level.block.state.StateDefinition$Builder<net.minecraft.world.level.block.Block, net.minecraft.world.level.block.state.BlockState>);
    Code:
       0: aload_0
       1: aload_1
       2: invokespecial #46                 // Method net/minecraft/world/level/block/Block.createBlockStateDefinition:(Lnet/minecraft/world/level/block/state/StateDefinition$Builder;)V
       5: aload_1
       6: iconst_2
       7: anewarray     #50                 // class net/minecraft/world/level/block/state/properties/Property
      10: dup
      11: iconst_0
      12: getstatic     #13                 // Field LEVEL:Lnet/minecraft/world/level/block/state/properties/IntegerProperty;
      15: aastore
      16: dup
      17: iconst_1
      18: getstatic     #29                 // Field POWERED:Lnet/minecraft/world/level/block/state/properties/BooleanProperty;
      21: aastore
      22: invokevirtual #52                 // Method net/minecraft/world/level/block/state/StateDefinition$Builder.add:([Lnet/minecraft/world/level/block/state/properties/Property;)Lnet/minecraft/world/level/block/state/StateDefinition$Builder;
      25: pop
      26: return

  protected boolean isSignalSource(net.minecraft.world.level.block.state.BlockState);
    Code:
       0: iconst_1
       1: ireturn

  protected int getSignal(net.minecraft.world.level.block.state.BlockState, net.minecraft.world.level.BlockGetter, net.minecraft.core.BlockPos, net.minecraft.core.Direction);
    Code:
       0: aload_1
       1: getstatic     #13                 // Field LEVEL:Lnet/minecraft/world/level/block/state/properties/IntegerProperty;
       4: invokevirtual #58                 // Method net/minecraft/world/level/block/state/BlockState.getValue:(Lnet/minecraft/world/level/block/state/properties/Property;)Ljava/lang/Comparable;
       7: checkcast     #18                 // class java/lang/Integer
      10: invokevirtual #62                 // Method java/lang/Integer.intValue:()I
      13: ifle          37
      16: aload_1
      17: getstatic     #29                 // Field POWERED:Lnet/minecraft/world/level/block/state/properties/BooleanProperty;
      20: invokevirtual #58                 // Method net/minecraft/world/level/block/state/BlockState.getValue:(Lnet/minecraft/world/level/block/state/properties/Property;)Ljava/lang/Comparable;
      23: checkcast     #34                 // class java/lang/Boolean
      26: invokevirtual #66                 // Method java/lang/Boolean.booleanValue:()Z
      29: ifeq          37
      32: bipush        15
      34: goto          38
      37: iconst_0
      38: ireturn

  protected void tick(net.minecraft.world.level.block.state.BlockState, net.minecraft.server.level.ServerLevel, net.minecraft.core.BlockPos, net.minecraft.util.RandomSource);
    Code:
       0: aload_1
       1: getstatic     #13                 // Field LEVEL:Lnet/minecraft/world/level/block/state/properties/IntegerProperty;
       4: invokevirtual #58                 // Method net/minecraft/world/level/block/state/BlockState.getValue:(Lnet/minecraft/world/level/block/state/properties/Property;)Ljava/lang/Comparable;
       7: checkcast     #18                 // class java/lang/Integer
      10: invokevirtual #62                 // Method java/lang/Integer.intValue:()I
      13: istore        5
      15: iload         5
      17: ifne          58
      20: aload_1
      21: getstatic     #29                 // Field POWERED:Lnet/minecraft/world/level/block/state/properties/BooleanProperty;
      24: invokevirtual #58                 // Method net/minecraft/world/level/block/state/BlockState.getValue:(Lnet/minecraft/world/level/block/state/properties/Property;)Ljava/lang/Comparable;
      27: checkcast     #34                 // class java/lang/Boolean
      30: invokevirtual #66                 // Method java/lang/Boolean.booleanValue:()Z
      33: ifeq          57
      36: aload_2
      37: aload_3
      38: aload_1
      39: getstatic     #29                 // Field POWERED:Lnet/minecraft/world/level/block/state/properties/BooleanProperty;
      42: iconst_0
      43: invokestatic  #33                 // Method java/lang/Boolean.valueOf:(Z)Ljava/lang/Boolean;
      46: invokevirtual #23                 // Method net/minecraft/world/level/block/state/BlockState.setValue:(Lnet/minecraft/world/level/block/state/properties/Property;Ljava/lang/Comparable;)Ljava/lang/Object;
      49: checkcast     #24                 // class net/minecraft/world/level/block/state/BlockState
      52: iconst_3
      53: invokevirtual #70                 // Method net/minecraft/server/level/ServerLevel.setBlock:(Lnet/minecraft/core/BlockPos;Lnet/minecraft/world/level/block/state/BlockState;I)Z
      56: pop
      57: return
      58: aload_1
      59: getstatic     #29                 // Field POWERED:Lnet/minecraft/world/level/block/state/properties/BooleanProperty;
      62: invokevirtual #58                 // Method net/minecraft/world/level/block/state/BlockState.getValue:(Lnet/minecraft/world/level/block/state/properties/Property;)Ljava/lang/Comparable;
      65: checkcast     #34                 // class java/lang/Boolean
      68: invokevirtual #66                 // Method java/lang/Boolean.booleanValue:()Z
      71: istore        6
      73: aload_2
      74: aload_3
      75: aload_1
      76: getstatic     #29                 // Field POWERED:Lnet/minecraft/world/level/block/state/properties/BooleanProperty;
      79: iload         6
      81: ifne          88
      84: iconst_1
      85: goto          89
      88: iconst_0
      89: invokestatic  #33                 // Method java/lang/Boolean.valueOf:(Z)Ljava/lang/Boolean;
      92: invokevirtual #23                 // Method net/minecraft/world/level/block/state/BlockState.setValue:(Lnet/minecraft/world/level/block/state/properties/Property;Ljava/lang/Comparable;)Ljava/lang/Object;
      95: checkcast     #24                 // class net/minecraft/world/level/block/state/BlockState
      98: iconst_3
      99: invokevirtual #70                 // Method net/minecraft/server/level/ServerLevel.setBlock:(Lnet/minecraft/core/BlockPos;Lnet/minecraft/world/level/block/state/BlockState;I)Z
     102: pop
     103: iload         6
     105: ifeq          122
     108: invokestatic  #76                 // Method com/ericchiu/simplerail/config/CommonConfig.current:()Lcom/ericchiu/simplerail/config/CommonConfig$Snapshot;
     111: iload         5
     113: invokevirtual #82                 // Method com/ericchiu/simplerail/config/CommonConfig$Snapshot.signalIntervalSeconds:(I)I
     116: invokestatic  #88                 // Method com/ericchiu/simplerail/blockentity/SignalTimerTiming.offTicks:(I)I
     119: goto          124
     122: bipush        10
     124: istore        7
     126: aload_2
     127: aload_3
     128: aload_0
     129: iload         7
     131: getstatic     #93                 // Field net/minecraft/world/ticks/TickPriority.VERY_HIGH:Lnet/minecraft/world/ticks/TickPriority;
     134: invokevirtual #99                 // Method net/minecraft/server/level/ServerLevel.scheduleTick:(Lnet/minecraft/core/BlockPos;Lnet/minecraft/world/level/block/Block;ILnet/minecraft/world/ticks/TickPriority;)V
     137: return

  public net.minecraft.world.level.block.entity.BlockEntity newBlockEntity(net.minecraft.core.BlockPos, net.minecraft.world.level.block.state.BlockState);
    Code:
       0: new           #103                // class com/ericchiu/simplerail/blockentity/SignalTimerBlockEntity
       3: dup
       4: aload_1
       5: aload_2
       6: invokespecial #105                // Method com/ericchiu/simplerail/blockentity/SignalTimerBlockEntity."<init>":(Lnet/minecraft/core/BlockPos;Lnet/minecraft/world/level/block/state/BlockState;)V
       9: areturn

  public <T extends net.minecraft.world.level.block.entity.BlockEntity> net.minecraft.world.level.block.entity.BlockEntityTicker<T> getTicker(net.minecraft.world.level.Level, net.minecraft.world.level.block.state.BlockState, net.minecraft.world.level.block.entity.BlockEntityType<T>);
    Code:
       0: aload_1
       1: getfield      #108                // Field net/minecraft/world/level/Level.isClientSide:Z
       4: ifne          17
       7: aload_3
       8: getstatic     #114                // Field com/ericchiu/simplerail/registry/ModBlockEntities.SIGNAL_TIMER:Lnet/neoforged/neoforge/registries/DeferredHolder;
      11: invokevirtual #120                // Method net/neoforged/neoforge/registries/DeferredHolder.get:()Ljava/lang/Object;
      14: if_acmpeq     19
      17: aconst_null
      18: areturn
      19: invokedynamic #126,  0            // InvokeDynamic #0:tick:()Lnet/minecraft/world/level/block/entity/BlockEntityTicker;
      24: areturn

  private static void lambda$getTicker$0(net.minecraft.world.level.Level, net.minecraft.core.BlockPos, net.minecraft.world.level.block.state.BlockState, net.minecraft.world.level.block.entity.BlockEntity);
    Code:
       0: aload_0
       1: aload_1
       2: aload_2
       3: aload_3
       4: checkcast     #103                // class com/ericchiu/simplerail/blockentity/SignalTimerBlockEntity
       7: invokestatic  #130                // Method com/ericchiu/simplerail/blockentity/SignalTimerBlockEntity.serverTick:(Lnet/minecraft/world/level/Level;Lnet/minecraft/core/BlockPos;Lnet/minecraft/world/level/block/state/BlockState;Lcom/ericchiu/simplerail/blockentity/SignalTimerBlockEntity;)V
      10: return

  static {};
    Code:
       0: invokedynamic #134,  0            // InvokeDynamic #1:apply:()Ljava/util/function/Function;
       5: invokestatic  #138                // Method simpleCodec:(Ljava/util/function/Function;)Lcom/mojang/serialization/MapCodec;
       8: putstatic     #42                 // Field CODEC:Lcom/mojang/serialization/MapCodec;
      11: ldc           #142                // String level
      13: iconst_0
      14: bipush        9
      16: invokestatic  #144                // Method net/minecraft/world/level/block/state/properties/IntegerProperty.create:(Ljava/lang/String;II)Lnet/minecraft/world/level/block/state/properties/IntegerProperty;
      19: putstatic     #13                 // Field LEVEL:Lnet/minecraft/world/level/block/state/properties/IntegerProperty;
      22: getstatic     #150                // Field net/minecraft/world/level/block/state/properties/BlockStateProperties.POWERED:Lnet/minecraft/world/level/block/state/properties/BooleanProperty;
      25: putstatic     #29                 // Field POWERED:Lnet/minecraft/world/level/block/state/properties/BooleanProperty;
      28: return
}
Compiled from "TimerHoldingRail.java"
public final class com.ericchiu.simplerail.block.TimerHoldingRail extends com.ericchiu.simplerail.block.base.BasePoweredRail implements net.minecraft.world.level.block.EntityBlock {
  public static final com.mojang.serialization.MapCodec<net.minecraft.world.level.block.PoweredRailBlock> CODEC;

  public static final net.minecraft.world.level.block.state.properties.IntegerProperty LEVEL;

  public static final net.minecraft.world.level.block.state.properties.EnumProperty<net.minecraft.core.Direction> DIRECTION;

  public com.ericchiu.simplerail.block.TimerHoldingRail(net.minecraft.world.level.block.state.BlockBehaviour$Properties);
    Code:
       0: aload_0
       1: aload_1
       2: invokespecial #1                  // Method com/ericchiu/simplerail/block/base/BasePoweredRail."<init>":(Lnet/minecraft/world/level/block/state/BlockBehaviour$Properties;)V
       5: aload_0
       6: aload_0
       7: invokevirtual #7                  // Method defaultBlockState:()Lnet/minecraft/world/level/block/state/BlockState;
      10: getstatic     #13                 // Field LEVEL:Lnet/minecraft/world/level/block/state/properties/IntegerProperty;
      13: iconst_0
      14: invokestatic  #17                 // Method java/lang/Integer.valueOf:(I)Ljava/lang/Integer;
      17: invokevirtual #23                 // Method net/minecraft/world/level/block/state/BlockState.setValue:(Lnet/minecraft/world/level/block/state/properties/Property;Ljava/lang/Comparable;)Ljava/lang/Object;
      20: checkcast     #24                 // class net/minecraft/world/level/block/state/BlockState
      23: getstatic     #29                 // Field DIRECTION:Lnet/minecraft/world/level/block/state/properties/EnumProperty;
      26: getstatic     #33                 // Field net/minecraft/core/Direction.DOWN:Lnet/minecraft/core/Direction;
      29: invokevirtual #23                 // Method net/minecraft/world/level/block/state/BlockState.setValue:(Lnet/minecraft/world/level/block/state/properties/Property;Ljava/lang/Comparable;)Ljava/lang/Object;
      32: checkcast     #24                 // class net/minecraft/world/level/block/state/BlockState
      35: invokevirtual #39                 // Method registerDefaultState:(Lnet/minecraft/world/level/block/state/BlockState;)V
      38: return

  public com.mojang.serialization.MapCodec<net.minecraft.world.level.block.PoweredRailBlock> codec();
    Code:
       0: getstatic     #43                 // Field CODEC:Lcom/mojang/serialization/MapCodec;
       3: areturn

  protected void createBlockStateDefinition(net.minecraft.world.level.block.state.StateDefinition$Builder<net.minecraft.world.level.block.Block, net.minecraft.world.level.block.state.BlockState>);
    Code:
       0: aload_0
       1: aload_1
       2: invokespecial #47                 // Method com/ericchiu/simplerail/block/base/BasePoweredRail.createBlockStateDefinition:(Lnet/minecraft/world/level/block/state/StateDefinition$Builder;)V
       5: aload_1
       6: iconst_2
       7: anewarray     #51                 // class net/minecraft/world/level/block/state/properties/Property
      10: dup
      11: iconst_0
      12: getstatic     #13                 // Field LEVEL:Lnet/minecraft/world/level/block/state/properties/IntegerProperty;
      15: aastore
      16: dup
      17: iconst_1
      18: getstatic     #29                 // Field DIRECTION:Lnet/minecraft/world/level/block/state/properties/EnumProperty;
      21: aastore
      22: invokevirtual #53                 // Method net/minecraft/world/level/block/state/StateDefinition$Builder.add:([Lnet/minecraft/world/level/block/state/properties/Property;)Lnet/minecraft/world/level/block/state/StateDefinition$Builder;
      25: pop
      26: return

  public net.minecraft.world.level.block.entity.BlockEntity newBlockEntity(net.minecraft.core.BlockPos, net.minecraft.world.level.block.state.BlockState);
    Code:
       0: new           #59                 // class com/ericchiu/simplerail/blockentity/TimerHoldingRailBlockEntity
       3: dup
       4: aload_1
       5: aload_2
       6: invokespecial #61                 // Method com/ericchiu/simplerail/blockentity/TimerHoldingRailBlockEntity."<init>":(Lnet/minecraft/core/BlockPos;Lnet/minecraft/world/level/block/state/BlockState;)V
       9: areturn

  public <T extends net.minecraft.world.level.block.entity.BlockEntity> net.minecraft.world.level.block.entity.BlockEntityTicker<T> getTicker(net.minecraft.world.level.Level, net.minecraft.world.level.block.state.BlockState, net.minecraft.world.level.block.entity.BlockEntityType<T>);
    Code:
       0: aload_1
       1: getfield      #64                 // Field net/minecraft/world/level/Level.isClientSide:Z
       4: ifne          17
       7: aload_3
       8: getstatic     #70                 // Field com/ericchiu/simplerail/registry/ModBlockEntities.TIMER_HOLDING_RAIL:Lnet/neoforged/neoforge/registries/DeferredHolder;
      11: invokevirtual #76                 // Method net/neoforged/neoforge/registries/DeferredHolder.get:()Ljava/lang/Object;
      14: if_acmpeq     19
      17: aconst_null
      18: areturn
      19: invokedynamic #82,  0             // InvokeDynamic #0:tick:()Lnet/minecraft/world/level/block/entity/BlockEntityTicker;
      24: areturn

  public void onMinecartPass(net.minecraft.world.level.block.state.BlockState, net.minecraft.world.level.Level, net.minecraft.core.BlockPos, net.minecraft.world.entity.vehicle.AbstractMinecart);
    Code:
       0: aload_2
       1: getfield      #64                 // Field net/minecraft/world/level/Level.isClientSide:Z
       4: ifeq          8
       7: return
       8: aload_1
       9: getstatic     #13                 // Field LEVEL:Lnet/minecraft/world/level/block/state/properties/IntegerProperty;
      12: invokevirtual #86                 // Method net/minecraft/world/level/block/state/BlockState.getValue:(Lnet/minecraft/world/level/block/state/properties/Property;)Ljava/lang/Comparable;
      15: checkcast     #18                 // class java/lang/Integer
      18: invokevirtual #90                 // Method java/lang/Integer.intValue:()I
      21: istore        5
      23: iload         5
      25: ifeq          53
      28: aload_2
      29: aload_3
      30: invokevirtual #94                 // Method net/minecraft/world/level/Level.getBlockEntity:(Lnet/minecraft/core/BlockPos;)Lnet/minecraft/world/level/block/entity/BlockEntity;
      33: astore        7
      35: aload         7
      37: instanceof    #59                 // class com/ericchiu/simplerail/blockentity/TimerHoldingRailBlockEntity
      40: ifeq          53
      43: aload         7
      45: checkcast     #59                 // class com/ericchiu/simplerail/blockentity/TimerHoldingRailBlockEntity
      48: astore        6
      50: goto          84
      53: aload         4
      55: invokevirtual #98                 // Method net/minecraft/world/entity/vehicle/AbstractMinecart.getDeltaMovement:()Lnet/minecraft/world/phys/Vec3;
      58: getstatic     #104                // Field net/minecraft/world/phys/Vec3.ZERO:Lnet/minecraft/world/phys/Vec3;
      61: invokevirtual #110                // Method net/minecraft/world/phys/Vec3.equals:(Ljava/lang/Object;)Z
      64: ifne          83
      67: aload         4
      69: aload         4
      71: invokevirtual #98                 // Method net/minecraft/world/entity/vehicle/AbstractMinecart.getDeltaMovement:()Lnet/minecraft/world/phys/Vec3;
      74: ldc2_w        #114                // double 1.2d
      77: invokevirtual #116                // Method net/minecraft/world/phys/Vec3.scale:(D)Lnet/minecraft/world/phys/Vec3;
      80: invokevirtual #120                // Method net/minecraft/world/entity/vehicle/AbstractMinecart.setDeltaMovement:(Lnet/minecraft/world/phys/Vec3;)V
      83: return
      84: aload         6
      86: aload         4
      88: invokevirtual #124                // Method net/minecraft/world/entity/vehicle/AbstractMinecart.getUUID:()Ljava/util/UUID;
      91: invokevirtual #128                // Method com/ericchiu/simplerail/blockentity/TimerHoldingRailBlockEntity.ownsCart:(Ljava/util/UUID;)Z
      94: ifeq          164
      97: aload         6
      99: invokevirtual #132                // Method com/ericchiu/simplerail/blockentity/TimerHoldingRailBlockEntity.readyToRelease:()Z
     102: ifeq          155
     105: aload_1
     106: getstatic     #29                 // Field DIRECTION:Lnet/minecraft/world/level/block/state/properties/EnumProperty;
     109: invokevirtual #86                 // Method net/minecraft/world/level/block/state/BlockState.getValue:(Lnet/minecraft/world/level/block/state/properties/Property;)Ljava/lang/Comparable;
     112: checkcast     #34                 // class net/minecraft/core/Direction
     115: astore        7
     117: aload         4
     119: aload         7
     121: invokevirtual #136                // Method net/minecraft/core/Direction.getStepX:()I
     124: i2d
     125: ldc2_w        #139                // double 0.4d
     128: dmul
     129: aload         7
     131: invokevirtual #141                // Method net/minecraft/core/Direction.getStepY:()I
     134: i2d
     135: ldc2_w        #139                // double 0.4d
     138: dmul
     139: aload         7
     141: invokevirtual #144                // Method net/minecraft/core/Direction.getStepZ:()I
     144: i2d
     145: ldc2_w        #139                // double 0.4d
     148: dmul
     149: invokevirtual #147                // Method net/minecraft/world/entity/vehicle/AbstractMinecart.setDeltaMovement:(DDD)V
     152: goto          214
     155: aload_3
     156: aload         4
     158: invokestatic  #150                // Method stopCart:(Lnet/minecraft/core/BlockPos;Lnet/minecraft/world/entity/vehicle/AbstractMinecart;)V
     161: goto          214
     164: invokestatic  #154                // Method com/ericchiu/simplerail/config/CommonConfig.current:()Lcom/ericchiu/simplerail/config/CommonConfig$Snapshot;
     167: iload         5
     169: invokevirtual #160                // Method com/ericchiu/simplerail/config/CommonConfig$Snapshot.holdingWaitSeconds:(I)I
     172: istore        7
     174: aload_2
     175: aload_3
     176: aload_1
     177: getstatic     #29                 // Field DIRECTION:Lnet/minecraft/world/level/block/state/properties/EnumProperty;
     180: aload         4
     182: invokevirtual #166                // Method net/minecraft/world/entity/vehicle/AbstractMinecart.getMotionDirection:()Lnet/minecraft/core/Direction;
     185: invokevirtual #23                 // Method net/minecraft/world/level/block/state/BlockState.setValue:(Lnet/minecraft/world/level/block/state/properties/Property;Ljava/lang/Comparable;)Ljava/lang/Object;
     188: checkcast     #24                 // class net/minecraft/world/level/block/state/BlockState
     191: iconst_3
     192: invokevirtual #172                // Method net/minecraft/world/level/Level.setBlock:(Lnet/minecraft/core/BlockPos;Lnet/minecraft/world/level/block/state/BlockState;I)Z
     195: pop
     196: aload_3
     197: aload         4
     199: invokestatic  #150                // Method stopCart:(Lnet/minecraft/core/BlockPos;Lnet/minecraft/world/entity/vehicle/AbstractMinecart;)V
     202: aload         6
     204: aload         4
     206: invokevirtual #124                // Method net/minecraft/world/entity/vehicle/AbstractMinecart.getUUID:()Ljava/util/UUID;
     209: iload         7
     211: invokevirtual #176                // Method com/ericchiu/simplerail/blockentity/TimerHoldingRailBlockEntity.startWait:(Ljava/util/UUID;I)V
     214: return

  private static void stopCart(net.minecraft.core.BlockPos, net.minecraft.world.entity.vehicle.AbstractMinecart);
    Code:
       0: aload_1
       1: getstatic     #104                // Field net/minecraft/world/phys/Vec3.ZERO:Lnet/minecraft/world/phys/Vec3;
       4: invokevirtual #120                // Method net/minecraft/world/entity/vehicle/AbstractMinecart.setDeltaMovement:(Lnet/minecraft/world/phys/Vec3;)V
       7: aload_1
       8: aload_0
       9: aload_1
      10: invokevirtual #180                // Method net/minecraft/world/entity/vehicle/AbstractMinecart.getYRot:()F
      13: aload_1
      14: invokevirtual #184                // Method net/minecraft/world/entity/vehicle/AbstractMinecart.getXRot:()F
      17: invokevirtual #187                // Method net/minecraft/world/entity/vehicle/AbstractMinecart.moveTo:(Lnet/minecraft/core/BlockPos;FF)V
      20: return

  private static void lambda$getTicker$0(net.minecraft.world.level.Level, net.minecraft.core.BlockPos, net.minecraft.world.level.block.state.BlockState, net.minecraft.world.level.block.entity.BlockEntity);
    Code:
       0: aload_0
       1: aload_1
       2: aload_2
       3: aload_3
       4: checkcast     #59                 // class com/ericchiu/simplerail/blockentity/TimerHoldingRailBlockEntity
       7: invokestatic  #191                // Method com/ericchiu/simplerail/blockentity/TimerHoldingRailBlockEntity.serverTick:(Lnet/minecraft/world/level/Level;Lnet/minecraft/core/BlockPos;Lnet/minecraft/world/level/block/state/BlockState;Lcom/ericchiu/simplerail/blockentity/TimerHoldingRailBlockEntity;)V
      10: return

  static {};
    Code:
       0: invokedynamic #195,  0            // InvokeDynamic #1:apply:()Ljava/util/function/Function;
       5: invokestatic  #199                // Method simpleCodec:(Ljava/util/function/Function;)Lcom/mojang/serialization/MapCodec;
       8: putstatic     #43                 // Field CODEC:Lcom/mojang/serialization/MapCodec;
      11: ldc           #203                // String level
      13: iconst_0
      14: bipush        9
      16: invokestatic  #205                // Method net/minecraft/world/level/block/state/properties/IntegerProperty.create:(Ljava/lang/String;II)Lnet/minecraft/world/level/block/state/properties/IntegerProperty;
      19: putstatic     #13                 // Field LEVEL:Lnet/minecraft/world/level/block/state/properties/IntegerProperty;
      22: ldc           #211                // String direction
      24: ldc           #34                 // class net/minecraft/core/Direction
      26: invokestatic  #213                // Method net/minecraft/world/level/block/state/properties/EnumProperty.create:(Ljava/lang/String;Ljava/lang/Class;)Lnet/minecraft/world/level/block/state/properties/EnumProperty;
      29: putstatic     #29                 // Field DIRECTION:Lnet/minecraft/world/level/block/state/properties/EnumProperty;
      32: return
}
Compiled from "TrainDispenserBlock.java"
public final class com.ericchiu.simplerail.block.TrainDispenserBlock extends net.minecraft.world.level.block.DispenserBlock {
  public static final com.mojang.serialization.MapCodec<com.ericchiu.simplerail.block.TrainDispenserBlock> CODEC;

  public com.ericchiu.simplerail.block.TrainDispenserBlock(net.minecraft.world.level.block.state.BlockBehaviour$Properties);
    Code:
       0: aload_0
       1: aload_1
       2: invokespecial #1                  // Method net/minecraft/world/level/block/DispenserBlock."<init>":(Lnet/minecraft/world/level/block/state/BlockBehaviour$Properties;)V
       5: return

  public com.mojang.serialization.MapCodec<? extends net.minecraft.world.level.block.DispenserBlock> codec();
    Code:
       0: getstatic     #7                  // Field CODEC:Lcom/mojang/serialization/MapCodec;
       3: areturn

  public net.minecraft.world.level.block.state.BlockState getStateForPlacement(net.minecraft.world.item.context.BlockPlaceContext);
    Code:
       0: aload_0
       1: invokevirtual #13                 // Method defaultBlockState:()Lnet/minecraft/world/level/block/state/BlockState;
       4: getstatic     #17                 // Field FACING:Lnet/minecraft/world/level/block/state/properties/DirectionProperty;
       7: aload_1
       8: invokevirtual #21                 // Method net/minecraft/world/item/context/BlockPlaceContext.getHorizontalDirection:()Lnet/minecraft/core/Direction;
      11: invokevirtual #27                 // Method net/minecraft/core/Direction.getOpposite:()Lnet/minecraft/core/Direction;
      14: invokevirtual #32                 // Method net/minecraft/world/level/block/state/BlockState.setValue:(Lnet/minecraft/world/level/block/state/properties/Property;Ljava/lang/Comparable;)Ljava/lang/Object;
      17: checkcast     #33                 // class net/minecraft/world/level/block/state/BlockState
      20: areturn

  protected void onPlace(net.minecraft.world.level.block.state.BlockState, net.minecraft.world.level.Level, net.minecraft.core.BlockPos, net.minecraft.world.level.block.state.BlockState, boolean);
    Code:
       0: aload_0
       1: aload_1
       2: aload_2
       3: aload_3
       4: aload         4
       6: iload         5
       8: invokespecial #38                 // Method net/minecraft/world/level/block/DispenserBlock.onPlace:(Lnet/minecraft/world/level/block/state/BlockState;Lnet/minecraft/world/level/Level;Lnet/minecraft/core/BlockPos;Lnet/minecraft/world/level/block/state/BlockState;Z)V
      11: aload_1
      12: getstatic     #17                 // Field FACING:Lnet/minecraft/world/level/block/state/properties/DirectionProperty;
      15: invokevirtual #42                 // Method net/minecraft/world/level/block/state/BlockState.getValue:(Lnet/minecraft/world/level/block/state/properties/Property;)Ljava/lang/Comparable;
      18: checkcast     #28                 // class net/minecraft/core/Direction
      21: invokevirtual #46                 // Method net/minecraft/core/Direction.getAxis:()Lnet/minecraft/core/Direction$Axis;
      24: invokevirtual #50                 // Method net/minecraft/core/Direction$Axis.isHorizontal:()Z
      27: ifne          50
      30: aload_2
      31: aload_3
      32: aload_1
      33: getstatic     #17                 // Field FACING:Lnet/minecraft/world/level/block/state/properties/DirectionProperty;
      36: getstatic     #56                 // Field net/minecraft/core/Direction.NORTH:Lnet/minecraft/core/Direction;
      39: invokevirtual #32                 // Method net/minecraft/world/level/block/state/BlockState.setValue:(Lnet/minecraft/world/level/block/state/properties/Property;Ljava/lang/Comparable;)Ljava/lang/Object;
      42: checkcast     #33                 // class net/minecraft/world/level/block/state/BlockState
      45: iconst_3
      46: invokevirtual #60                 // Method net/minecraft/world/level/Level.setBlock:(Lnet/minecraft/core/BlockPos;Lnet/minecraft/world/level/block/state/BlockState;I)Z
      49: pop
      50: return

  public net.minecraft.world.level.block.entity.BlockEntity newBlockEntity(net.minecraft.core.BlockPos, net.minecraft.world.level.block.state.BlockState);
    Code:
       0: new           #66                 // class com/ericchiu/simplerail/blockentity/TrainDispenserBlockEntity
       3: dup
       4: aload_1
       5: aload_2
       6: invokespecial #68                 // Method com/ericchiu/simplerail/blockentity/TrainDispenserBlockEntity."<init>":(Lnet/minecraft/core/BlockPos;Lnet/minecraft/world/level/block/state/BlockState;)V
       9: areturn

  protected net.minecraft.world.MenuProvider getMenuProvider(net.minecraft.world.level.block.state.BlockState, net.minecraft.world.level.Level, net.minecraft.core.BlockPos);
    Code:
       0: aload_2
       1: aload_3
       2: invokevirtual #71                 // Method net/minecraft/world/level/Level.getBlockEntity:(Lnet/minecraft/core/BlockPos;)Lnet/minecraft/world/level/block/entity/BlockEntity;
       5: astore        4
       7: aload         4
       9: instanceof    #66                 // class com/ericchiu/simplerail/blockentity/TrainDispenserBlockEntity
      12: ifeq          27
      15: aload         4
      17: checkcast     #66                 // class com/ericchiu/simplerail/blockentity/TrainDispenserBlockEntity
      20: astore        5
      22: aload         5
      24: goto          28
      27: aconst_null
      28: areturn

  protected net.minecraft.world.InteractionResult useWithoutItem(net.minecraft.world.level.block.state.BlockState, net.minecraft.world.level.Level, net.minecraft.core.BlockPos, net.minecraft.world.entity.player.Player, net.minecraft.world.phys.BlockHitResult);
    Code:
       0: aload_2
       1: getfield      #75                 // Field net/minecraft/world/level/Level.isClientSide:Z
       4: ifeq          11
       7: getstatic     #79                 // Field net/minecraft/world/InteractionResult.SUCCESS:Lnet/minecraft/world/InteractionResult;
      10: areturn
      11: aload         4
      13: instanceof    #85                 // class net/minecraft/server/level/ServerPlayer
      16: ifeq          64
      19: aload         4
      21: checkcast     #85                 // class net/minecraft/server/level/ServerPlayer
      24: astore        6
      26: aload_2
      27: aload_3
      28: invokevirtual #71                 // Method net/minecraft/world/level/Level.getBlockEntity:(Lnet/minecraft/core/BlockPos;)Lnet/minecraft/world/level/block/entity/BlockEntity;
      31: astore        8
      33: aload         8
      35: instanceof    #66                 // class com/ericchiu/simplerail/blockentity/TrainDispenserBlockEntity
      38: ifeq          64
      41: aload         8
      43: checkcast     #66                 // class com/ericchiu/simplerail/blockentity/TrainDispenserBlockEntity
      46: astore        7
      48: aload         6
      50: aload         7
      52: invokevirtual #87                 // Method net/minecraft/server/level/ServerPlayer.openMenu:(Lnet/minecraft/world/MenuProvider;)Ljava/util/OptionalInt;
      55: pop
      56: aload         6
      58: getstatic     #91                 // Field net/minecraft/stats/Stats.OPEN_CHEST:Lnet/minecraft/resources/ResourceLocation;
      61: invokevirtual #97                 // Method net/minecraft/server/level/ServerPlayer.awardStat:(Lnet/minecraft/resources/ResourceLocation;)V
      64: getstatic     #101                // Field net/minecraft/world/InteractionResult.CONSUME:Lnet/minecraft/world/InteractionResult;
      67: areturn

  protected void neighborChanged(net.minecraft.world.level.block.state.BlockState, net.minecraft.world.level.Level, net.minecraft.core.BlockPos, net.minecraft.world.level.block.Block, net.minecraft.core.BlockPos, boolean);
    Code:
       0: aload_2
       1: instanceof    #104                // class net/minecraft/server/level/ServerLevel
       4: ifeq          29
       7: aload_2
       8: checkcast     #104                // class net/minecraft/server/level/ServerLevel
      11: astore        7
      13: aload         7
      15: aload_3
      16: invokevirtual #106                // Method net/minecraft/server/level/ServerLevel.hasNeighborSignal:(Lnet/minecraft/core/BlockPos;)Z
      19: ifeq          29
      22: aload         7
      24: aload_1
      25: aload_3
      26: invokestatic  #110                // Method spawnTemplate:(Lnet/minecraft/server/level/ServerLevel;Lnet/minecraft/world/level/block/state/BlockState;Lnet/minecraft/core/BlockPos;)V
      29: return

  protected void tick(net.minecraft.world.level.block.state.BlockState, net.minecraft.server.level.ServerLevel, net.minecraft.core.BlockPos, net.minecraft.util.RandomSource);
    Code:
       0: return

  protected void dispenseFrom(net.minecraft.server.level.ServerLevel, net.minecraft.world.level.block.state.BlockState, net.minecraft.core.BlockPos);
    Code:
       0: return

  private static void spawnTemplate(net.minecraft.server.level.ServerLevel, net.minecraft.world.level.block.state.BlockState, net.minecraft.core.BlockPos);
    Code:
       0: aload_0
       1: aload_2
       2: invokevirtual #114                // Method net/minecraft/server/level/ServerLevel.getBlockEntity:(Lnet/minecraft/core/BlockPos;)Lnet/minecraft/world/level/block/entity/BlockEntity;
       5: astore        4
       7: aload         4
       9: instanceof    #66                 // class com/ericchiu/simplerail/blockentity/TrainDispenserBlockEntity
      12: ifeq          24
      15: aload         4
      17: checkcast     #66                 // class com/ericchiu/simplerail/blockentity/TrainDispenserBlockEntity
      20: astore_3
      21: goto          25
      24: return
      25: getstatic     #115                // Field com/ericchiu/simplerail/block/TrainDispenserBlock$1.$SwitchMap$net$minecraft$core$Direction:[I
      28: aload_1
      29: getstatic     #17                 // Field FACING:Lnet/minecraft/world/level/block/state/properties/DirectionProperty;
      32: invokevirtual #42                 // Method net/minecraft/world/level/block/state/BlockState.getValue:(Lnet/minecraft/world/level/block/state/properties/Property;)Ljava/lang/Comparable;
      35: checkcast     #28                 // class net/minecraft/core/Direction
      38: invokevirtual #121                // Method net/minecraft/core/Direction.ordinal:()I
      41: iaload
      42: tableswitch   { // 1 to 4
                     1: 72
                     2: 78
                     3: 84
                     4: 90
               default: 96
          }
      72: getstatic     #125                // Field com/ericchiu/simplerail/block/TrainDispenserScan$Facing.NORTH:Lcom/ericchiu/simplerail/block/TrainDispenserScan$Facing;
      75: goto          106
      78: getstatic     #130                // Field com/ericchiu/simplerail/block/TrainDispenserScan$Facing.SOUTH:Lcom/ericchiu/simplerail/block/TrainDispenserScan$Facing;
      81: goto          106
      84: getstatic     #133                // Field com/ericchiu/simplerail/block/TrainDispenserScan$Facing.EAST:Lcom/ericchiu/simplerail/block/TrainDispenserScan$Facing;
      87: goto          106
      90: getstatic     #136                // Field com/ericchiu/simplerail/block/TrainDispenserScan$Facing.WEST:Lcom/ericchiu/simplerail/block/TrainDispenserScan$Facing;
      93: goto          106
      96: new           #139                // class java/lang/IllegalStateException
      99: dup
     100: ldc           #141                // String Train dispenser must face horizontally
     102: invokespecial #143                // Method java/lang/IllegalStateException."<init>":(Ljava/lang/String;)V
     105: athrow
     106: astore        4
     108: aload         4
     110: aload_2
     111: invokevirtual #146                // Method net/minecraft/core/BlockPos.getX:()I
     114: aload_2
     115: invokevirtual #151                // Method net/minecraft/core/BlockPos.getY:()I
     118: aload_2
     119: invokevirtual #154                // Method net/minecraft/core/BlockPos.getZ:()I
     122: bipush        27
     124: aload_0
     125: invokedynamic #157,  0            // InvokeDynamic #0:test:(Lnet/minecraft/server/level/ServerLevel;)Ljava/util/function/Predicate;
     130: aload_3
     131: aload_0
     132: invokedynamic #161,  0            // InvokeDynamic #1:accept:(Lcom/ericchiu/simplerail/blockentity/TrainDispenserBlockEntity;Lnet/minecraft/server/level/ServerLevel;)Ljava/util/function/BiConsumer;
     137: invokestatic  #165                // Method com/ericchiu/simplerail/block/TrainDispenserScan.scan:(Lcom/ericchiu/simplerail/block/TrainDispenserScan$Facing;IIIILjava/util/function/Predicate;Ljava/util/function/BiConsumer;)I
     140: pop
     141: return

  private static net.minecraft.world.entity.vehicle.AbstractMinecart$Type cartType(net.minecraft.world.item.ItemStack);
    Code:
       0: aload_0
       1: getstatic     #171                // Field net/minecraft/world/item/Items.CHEST_MINECART:Lnet/minecraft/world/item/Item;
       4: invokevirtual #177                // Method net/minecraft/world/item/ItemStack.is:(Lnet/minecraft/world/item/Item;)Z
       7: ifeq          14
      10: getstatic     #183                // Field net/minecraft/world/entity/vehicle/AbstractMinecart$Type.CHEST:Lnet/minecraft/world/entity/vehicle/AbstractMinecart$Type;
      13: areturn
      14: aload_0
      15: getstatic     #189                // Field net/minecraft/world/item/Items.FURNACE_MINECART:Lnet/minecraft/world/item/Item;
      18: invokevirtual #177                // Method net/minecraft/world/item/ItemStack.is:(Lnet/minecraft/world/item/Item;)Z
      21: ifeq          28
      24: getstatic     #192                // Field net/minecraft/world/entity/vehicle/AbstractMinecart$Type.FURNACE:Lnet/minecraft/world/entity/vehicle/AbstractMinecart$Type;
      27: areturn
      28: aload_0
      29: getstatic     #195                // Field net/minecraft/world/item/Items.HOPPER_MINECART:Lnet/minecraft/world/item/Item;
      32: invokevirtual #177                // Method net/minecraft/world/item/ItemStack.is:(Lnet/minecraft/world/item/Item;)Z
      35: ifeq          42
      38: getstatic     #198                // Field net/minecraft/world/entity/vehicle/AbstractMinecart$Type.HOPPER:Lnet/minecraft/world/entity/vehicle/AbstractMinecart$Type;
      41: areturn
      42: aload_0
      43: getstatic     #201                // Field net/minecraft/world/item/Items.TNT_MINECART:Lnet/minecraft/world/item/Item;
      46: invokevirtual #177                // Method net/minecraft/world/item/ItemStack.is:(Lnet/minecraft/world/item/Item;)Z
      49: ifeq          56
      52: getstatic     #204                // Field net/minecraft/world/entity/vehicle/AbstractMinecart$Type.TNT:Lnet/minecraft/world/entity/vehicle/AbstractMinecart$Type;
      55: areturn
      56: getstatic     #207                // Field net/minecraft/world/entity/vehicle/AbstractMinecart$Type.RIDEABLE:Lnet/minecraft/world/entity/vehicle/AbstractMinecart$Type;
      59: areturn

  private static void lambda$spawnTemplate$1(com.ericchiu.simplerail.blockentity.TrainDispenserBlockEntity, net.minecraft.server.level.ServerLevel, java.lang.Integer, com.ericchiu.simplerail.block.TrainDispenserScan$Position);
    Code:
       0: aload_0
       1: aload_2
       2: invokevirtual #210                // Method java/lang/Integer.intValue:()I
       5: invokevirtual #215                // Method com/ericchiu/simplerail/blockentity/TrainDispenserBlockEntity.getItem:(I)Lnet/minecraft/world/item/ItemStack;
       8: astore        4
      10: aload         4
      12: invokevirtual #219                // Method net/minecraft/world/item/ItemStack.isEmpty:()Z
      15: ifne          46
      18: aload         4
      20: getstatic     #222                // Field com/ericchiu/simplerail/registry/ModItems.LOCOMOTIVE_CART:Lnet/neoforged/neoforge/registries/DeferredItem;
      23: invokevirtual #228                // Method net/neoforged/neoforge/registries/DeferredItem.get:()Ljava/lang/Object;
      26: checkcast     #234                // class net/minecraft/world/item/Item
      29: invokevirtual #177                // Method net/minecraft/world/item/ItemStack.is:(Lnet/minecraft/world/item/Item;)Z
      32: ifne          46
      35: aload         4
      37: invokevirtual #236                // Method net/minecraft/world/item/ItemStack.getItem:()Lnet/minecraft/world/item/Item;
      40: instanceof    #239                // class net/minecraft/world/item/MinecartItem
      43: ifne          47
      46: return
      47: aload         4
      49: invokestatic  #241                // Method cartType:(Lnet/minecraft/world/item/ItemStack;)Lnet/minecraft/world/entity/vehicle/AbstractMinecart$Type;
      52: astore        5
      54: aload_1
      55: aload_3
      56: invokevirtual #245                // Method com/ericchiu/simplerail/block/TrainDispenserScan$Position.x:()D
      59: aload_3
      60: invokevirtual #251                // Method com/ericchiu/simplerail/block/TrainDispenserScan$Position.y:()D
      63: aload_3
      64: invokevirtual #254                // Method com/ericchiu/simplerail/block/TrainDispenserScan$Position.z:()D
      67: aload         5
      69: getstatic     #257                // Field net/minecraft/world/item/ItemStack.EMPTY:Lnet/minecraft/world/item/ItemStack;
      72: aconst_null
      73: invokestatic  #261                // Method net/minecraft/world/entity/vehicle/AbstractMinecart.createMinecart:(Lnet/minecraft/server/level/ServerLevel;DDDLnet/minecraft/world/entity/vehicle/AbstractMinecart$Type;Lnet/minecraft/world/item/ItemStack;Lnet/minecraft/world/entity/player/Player;)Lnet/minecraft/world/entity/vehicle/AbstractMinecart;
      76: astore        6
      78: aload_1
      79: aload         6
      81: invokevirtual #267                // Method net/minecraft/server/level/ServerLevel.addFreshEntity:(Lnet/minecraft/world/entity/Entity;)Z
      84: pop
      85: return

  private static boolean lambda$spawnTemplate$0(net.minecraft.server.level.ServerLevel, com.ericchiu.simplerail.block.TrainDispenserScan$Position);
    Code:
       0: aload_0
       1: ldc_w         #262                // class net/minecraft/world/entity/vehicle/AbstractMinecart
       4: new           #271                // class net/minecraft/world/phys/AABB
       7: dup
       8: aload_1
       9: invokevirtual #245                // Method com/ericchiu/simplerail/block/TrainDispenserScan$Position.x:()D
      12: aload_1
      13: invokevirtual #251                // Method com/ericchiu/simplerail/block/TrainDispenserScan$Position.y:()D
      16: aload_1
      17: invokevirtual #254                // Method com/ericchiu/simplerail/block/TrainDispenserScan$Position.z:()D
      20: invokestatic  #273                // Method net/minecraft/core/BlockPos.containing:(DDD)Lnet/minecraft/core/BlockPos;
      23: invokespecial #277                // Method net/minecraft/world/phys/AABB."<init>":(Lnet/minecraft/core/BlockPos;)V
      26: invokevirtual #280                // Method net/minecraft/server/level/ServerLevel.getEntitiesOfClass:(Ljava/lang/Class;Lnet/minecraft/world/phys/AABB;)Ljava/util/List;
      29: invokeinterface #284,  1          // InterfaceMethod java/util/List.isEmpty:()Z
      34: ifne          41
      37: iconst_1
      38: goto          42
      41: iconst_0
      42: ireturn

  static {};
    Code:
       0: invokedynamic #287,  0            // InvokeDynamic #2:apply:()Ljava/util/function/Function;
       5: invokestatic  #291                // Method simpleCodec:(Ljava/util/function/Function;)Lcom/mojang/serialization/MapCodec;
       8: putstatic     #7                  // Field CODEC:Lcom/mojang/serialization/MapCodec;
      11: return
}
Compiled from "TrainDispenserBlock.java"
class com.ericchiu.simplerail.block.TrainDispenserBlock$1 {
  static final int[] $SwitchMap$net$minecraft$core$Direction;

  static {};
    Code:
       0: invokestatic  #1                  // Method net/minecraft/core/Direction.values:()[Lnet/minecraft/core/Direction;
       3: arraylength
       4: newarray       int
       6: putstatic     #7                  // Field $SwitchMap$net$minecraft$core$Direction:[I
       9: getstatic     #7                  // Field $SwitchMap$net$minecraft$core$Direction:[I
      12: getstatic     #13                 // Field net/minecraft/core/Direction.NORTH:Lnet/minecraft/core/Direction;
      15: invokevirtual #17                 // Method net/minecraft/core/Direction.ordinal:()I
      18: iconst_1
      19: iastore
      20: goto          24
      23: astore_0
      24: getstatic     #7                  // Field $SwitchMap$net$minecraft$core$Direction:[I
      27: getstatic     #23                 // Field net/minecraft/core/Direction.SOUTH:Lnet/minecraft/core/Direction;
      30: invokevirtual #17                 // Method net/minecraft/core/Direction.ordinal:()I
      33: iconst_2
      34: iastore
      35: goto          39
      38: astore_0
      39: getstatic     #7                  // Field $SwitchMap$net$minecraft$core$Direction:[I
      42: getstatic     #26                 // Field net/minecraft/core/Direction.EAST:Lnet/minecraft/core/Direction;
      45: invokevirtual #17                 // Method net/minecraft/core/Direction.ordinal:()I
      48: iconst_3
      49: iastore
      50: goto          54
      53: astore_0
      54: getstatic     #7                  // Field $SwitchMap$net$minecraft$core$Direction:[I
      57: getstatic     #29                 // Field net/minecraft/core/Direction.WEST:Lnet/minecraft/core/Direction;
      60: invokevirtual #17                 // Method net/minecraft/core/Direction.ordinal:()I
      63: iconst_4
      64: iastore
      65: goto          69
      68: astore_0
      69: return
    Exception table:
       from    to  target type
           9    20    23   Class java/lang/NoSuchFieldError
          24    35    38   Class java/lang/NoSuchFieldError
          39    50    53   Class java/lang/NoSuchFieldError
          54    65    68   Class java/lang/NoSuchFieldError
}
Compiled from "TrainDispenserScan.java"
public final class com.ericchiu.simplerail.block.TrainDispenserScan {
  private com.ericchiu.simplerail.block.TrainDispenserScan();
    Code:
       0: aload_0
       1: invokespecial #1                  // Method java/lang/Object."<init>":()V
       4: return

  public static com.ericchiu.simplerail.block.TrainDispenserScan$Position position(com.ericchiu.simplerail.block.TrainDispenserScan$Facing, int, int, int, int);
    Code:
       0: iload         4
       2: iflt          12
       5: iload         4
       7: bipush        27
       9: if_icmplt     22
      12: new           #7                  // class java/lang/IllegalArgumentException
      15: dup
      16: ldc           #9                  // String slot must be 0..26
      18: invokespecial #11                 // Method java/lang/IllegalArgumentException."<init>":(Ljava/lang/String;)V
      21: athrow
      22: aload_0
      23: invokevirtual #14                 // Method com/ericchiu/simplerail/block/TrainDispenserScan$Facing.ordinal:()I
      26: tableswitch   { // 0 to 3
                     0: 120
                     1: 147
                     2: 66
                     3: 93
               default: 56
          }
      56: new           #20                 // class java/lang/MatchException
      59: dup
      60: aconst_null
      61: aconst_null
      62: invokespecial #22                 // Method java/lang/MatchException."<init>":(Ljava/lang/String;Ljava/lang/Throwable;)V
      65: athrow
      66: new           #25                 // class com/ericchiu/simplerail/block/TrainDispenserScan$Position
      69: dup
      70: iload_1
      71: i2d
      72: ldc2_w        #27                 // double 1.5d
      75: dadd
      76: iload_2
      77: i2d
      78: iload_3
      79: iload         4
      81: iadd
      82: i2d
      83: ldc2_w        #29                 // double 0.5d
      86: dadd
      87: invokespecial #31                 // Method com/ericchiu/simplerail/block/TrainDispenserScan$Position."<init>":(DDD)V
      90: goto          171
      93: new           #25                 // class com/ericchiu/simplerail/block/TrainDispenserScan$Position
      96: dup
      97: iload_1
      98: i2d
      99: ldc2_w        #29                 // double 0.5d
     102: dsub
     103: iload_2
     104: i2d
     105: iload_3
     106: iload         4
     108: isub
     109: i2d
     110: ldc2_w        #29                 // double 0.5d
     113: dadd
     114: invokespecial #31                 // Method com/ericchiu/simplerail/block/TrainDispenserScan$Position."<init>":(DDD)V
     117: goto          171
     120: new           #25                 // class com/ericchiu/simplerail/block/TrainDispenserScan$Position
     123: dup
     124: iload_1
     125: iload         4
     127: iadd
     128: i2d
     129: ldc2_w        #29                 // double 0.5d
     132: dadd
     133: iload_2
     134: i2d
     135: iload_3
     136: i2d
     137: ldc2_w        #29                 // double 0.5d
     140: dsub
     141: invokespecial #31                 // Method com/ericchiu/simplerail/block/TrainDispenserScan$Position."<init>":(DDD)V
     144: goto          171
     147: new           #25                 // class com/ericchiu/simplerail/block/TrainDispenserScan$Position
     150: dup
     151: iload_1
     152: iload         4
     154: isub
     155: i2d
     156: ldc2_w        #29                 // double 0.5d
     159: dadd
     160: iload_2
     161: i2d
     162: iload_3
     163: i2d
     164: ldc2_w        #27                 // double 1.5d
     167: dadd
     168: invokespecial #31                 // Method com/ericchiu/simplerail/block/TrainDispenserScan$Position."<init>":(DDD)V
     171: areturn

  public static int scan(com.ericchiu.simplerail.block.TrainDispenserScan$Facing, int, int, int, int, java.util.function.Predicate<com.ericchiu.simplerail.block.TrainDispenserScan$Position>, java.util.function.BiConsumer<java.lang.Integer, com.ericchiu.simplerail.block.TrainDispenserScan$Position>);
    Code:
       0: iload         4
       2: bipush        27
       4: if_icmpeq     17
       7: new           #7                  // class java/lang/IllegalArgumentException
      10: dup
      11: ldc           #34                 // String train dispenser requires exactly 27 slots
      13: invokespecial #11                 // Method java/lang/IllegalArgumentException."<init>":(Ljava/lang/String;)V
      16: athrow
      17: iconst_0
      18: istore        7
      20: iconst_0
      21: istore        8
      23: iload         8
      25: iload         4
      27: if_icmpge     79
      30: aload_0
      31: iload_1
      32: iload_2
      33: iload_3
      34: iload         8
      36: invokestatic  #36                 // Method position:(Lcom/ericchiu/simplerail/block/TrainDispenserScan$Facing;IIII)Lcom/ericchiu/simplerail/block/TrainDispenserScan$Position;
      39: astore        9
      41: iinc          7, 1
      44: aload         5
      46: aload         9
      48: invokeinterface #42,  2           // InterfaceMethod java/util/function/Predicate.test:(Ljava/lang/Object;)Z
      53: ifeq          59
      56: goto          79
      59: aload         6
      61: iload         8
      63: invokestatic  #48                 // Method java/lang/Integer.valueOf:(I)Ljava/lang/Integer;
      66: aload         9
      68: invokeinterface #54,  3           // InterfaceMethod java/util/function/BiConsumer.accept:(Ljava/lang/Object;Ljava/lang/Object;)V
      73: iinc          8, 1
      76: goto          23
      79: iload         7
      81: ireturn
}
Compiled from "TrainDispenserScan.java"
public final class com.ericchiu.simplerail.block.TrainDispenserScan$Facing extends java.lang.Enum<com.ericchiu.simplerail.block.TrainDispenserScan$Facing> {
  public static final com.ericchiu.simplerail.block.TrainDispenserScan$Facing NORTH;

  public static final com.ericchiu.simplerail.block.TrainDispenserScan$Facing SOUTH;

  public static final com.ericchiu.simplerail.block.TrainDispenserScan$Facing EAST;

  public static final com.ericchiu.simplerail.block.TrainDispenserScan$Facing WEST;

  private static final com.ericchiu.simplerail.block.TrainDispenserScan$Facing[] $VALUES;

  public static com.ericchiu.simplerail.block.TrainDispenserScan$Facing[] values();
    Code:
       0: getstatic     #16                 // Field $VALUES:[Lcom/ericchiu/simplerail/block/TrainDispenserScan$Facing;
       3: invokevirtual #20                 // Method "[Lcom/ericchiu/simplerail/block/TrainDispenserScan$Facing;".clone:()Ljava/lang/Object;
       6: checkcast     #21                 // class "[Lcom/ericchiu/simplerail/block/TrainDispenserScan$Facing;"
       9: areturn

  public static com.ericchiu.simplerail.block.TrainDispenserScan$Facing valueOf(java.lang.String);
    Code:
       0: ldc           #1                  // class com/ericchiu/simplerail/block/TrainDispenserScan$Facing
       2: aload_0
       3: invokestatic  #25                 // Method java/lang/Enum.valueOf:(Ljava/lang/Class;Ljava/lang/String;)Ljava/lang/Enum;
       6: checkcast     #1                  // class com/ericchiu/simplerail/block/TrainDispenserScan$Facing
       9: areturn

  private com.ericchiu.simplerail.block.TrainDispenserScan$Facing();
    Code:
       0: aload_0
       1: aload_1
       2: iload_2
       3: invokespecial #31                 // Method java/lang/Enum."<init>":(Ljava/lang/String;I)V
       6: return

  private static com.ericchiu.simplerail.block.TrainDispenserScan$Facing[] $values();
    Code:
       0: iconst_4
       1: anewarray     #1                  // class com/ericchiu/simplerail/block/TrainDispenserScan$Facing
       4: dup
       5: iconst_0
       6: getstatic     #3                  // Field NORTH:Lcom/ericchiu/simplerail/block/TrainDispenserScan$Facing;
       9: aastore
      10: dup
      11: iconst_1
      12: getstatic     #7                  // Field SOUTH:Lcom/ericchiu/simplerail/block/TrainDispenserScan$Facing;
      15: aastore
      16: dup
      17: iconst_2
      18: getstatic     #10                 // Field EAST:Lcom/ericchiu/simplerail/block/TrainDispenserScan$Facing;
      21: aastore
      22: dup
      23: iconst_3
      24: getstatic     #13                 // Field WEST:Lcom/ericchiu/simplerail/block/TrainDispenserScan$Facing;
      27: aastore
      28: areturn

  static {};
    Code:
       0: new           #1                  // class com/ericchiu/simplerail/block/TrainDispenserScan$Facing
       3: dup
       4: ldc           #35                 // String NORTH
       6: iconst_0
       7: invokespecial #36                 // Method "<init>":(Ljava/lang/String;I)V
      10: putstatic     #3                  // Field NORTH:Lcom/ericchiu/simplerail/block/TrainDispenserScan$Facing;
      13: new           #1                  // class com/ericchiu/simplerail/block/TrainDispenserScan$Facing
      16: dup
      17: ldc           #37                 // String SOUTH
      19: iconst_1
      20: invokespecial #36                 // Method "<init>":(Ljava/lang/String;I)V
      23: putstatic     #7                  // Field SOUTH:Lcom/ericchiu/simplerail/block/TrainDispenserScan$Facing;
      26: new           #1                  // class com/ericchiu/simplerail/block/TrainDispenserScan$Facing
      29: dup
      30: ldc           #38                 // String EAST
      32: iconst_2
      33: invokespecial #36                 // Method "<init>":(Ljava/lang/String;I)V
      36: putstatic     #10                 // Field EAST:Lcom/ericchiu/simplerail/block/TrainDispenserScan$Facing;
      39: new           #1                  // class com/ericchiu/simplerail/block/TrainDispenserScan$Facing
      42: dup
      43: ldc           #39                 // String WEST
      45: iconst_3
      46: invokespecial #36                 // Method "<init>":(Ljava/lang/String;I)V
      49: putstatic     #13                 // Field WEST:Lcom/ericchiu/simplerail/block/TrainDispenserScan$Facing;
      52: invokestatic  #40                 // Method $values:()[Lcom/ericchiu/simplerail/block/TrainDispenserScan$Facing;
      55: putstatic     #16                 // Field $VALUES:[Lcom/ericchiu/simplerail/block/TrainDispenserScan$Facing;
      58: return
}
Compiled from "TrainDispenserScan.java"
public final class com.ericchiu.simplerail.block.TrainDispenserScan$Position extends java.lang.Record {
  private final double x;

  private final double y;

  private final double z;

  public com.ericchiu.simplerail.block.TrainDispenserScan$Position(double, double, double);
    Code:
       0: aload_0
       1: invokespecial #1                  // Method java/lang/Record."<init>":()V
       4: aload_0
       5: dload_1
       6: putfield      #7                  // Field x:D
       9: aload_0
      10: dload_3
      11: putfield      #13                 // Field y:D
      14: aload_0
      15: dload         5
      17: putfield      #16                 // Field z:D
      20: return

  public final java.lang.String toString();
    Code:
       0: aload_0
       1: invokedynamic #19,  0             // InvokeDynamic #0:toString:(Lcom/ericchiu/simplerail/block/TrainDispenserScan$Position;)Ljava/lang/String;
       6: areturn

  public final int hashCode();
    Code:
       0: aload_0
       1: invokedynamic #23,  0             // InvokeDynamic #0:hashCode:(Lcom/ericchiu/simplerail/block/TrainDispenserScan$Position;)I
       6: ireturn

  public final boolean equals(java.lang.Object);
    Code:
       0: aload_0
       1: aload_1
       2: invokedynamic #27,  0             // InvokeDynamic #0:equals:(Lcom/ericchiu/simplerail/block/TrainDispenserScan$Position;Ljava/lang/Object;)Z
       7: ireturn

  public double x();
    Code:
       0: aload_0
       1: getfield      #7                  // Field x:D
       4: dreturn

  public double y();
    Code:
       0: aload_0
       1: getfield      #13                 // Field y:D
       4: dreturn

  public double z();
    Code:
       0: aload_0
       1: getfield      #16                 // Field z:D
       4: dreturn
}
Compiled from "HoldingTimer.java"
public final class com.ericchiu.simplerail.blockentity.HoldingTimer {
  public static final long MAX_MILLIS;

  private final java.util.function.LongSupplier clock;

  private java.util.UUID cart;

  private long remainingAtResume;

  private long resumedAt;

  private boolean paused;

  public com.ericchiu.simplerail.blockentity.HoldingTimer(java.util.function.LongSupplier);
    Code:
       0: aload_0
       1: invokespecial #3                  // Method java/lang/Object."<init>":()V
       4: aload_0
       5: iconst_1
       6: putfield      #9                  // Field paused:Z
       9: aload_0
      10: aload_1
      11: invokestatic  #15                 // Method java/util/Objects.requireNonNull:(Ljava/lang/Object;)Ljava/lang/Object;
      14: checkcast     #21                 // class java/util/function/LongSupplier
      17: putfield      #23                 // Field clock:Ljava/util/function/LongSupplier;
      20: return

  public static long secondsToMillis(int);
    Code:
       0: iload_0
       1: ifge          14
       4: new           #27                 // class java/lang/IllegalArgumentException
       7: dup
       8: ldc           #29                 // String Holding seconds must be nonnegative.
      10: invokespecial #31                 // Method java/lang/IllegalArgumentException."<init>":(Ljava/lang/String;)V
      13: athrow
      14: iload_0
      15: i2l
      16: ldc2_w        #34                 // long 1000l
      19: invokestatic  #36                 // Method java/lang/Math.multiplyExact:(JJ)J
      22: lreturn

  public void restore(java.util.UUID, long);
    Code:
       0: aload_1
       1: ifnull        22
       4: lload_2
       5: lconst_0
       6: lcmp
       7: iflt          22
      10: lload_2
      11: ldc2_w        #42                 // long 2147483647000l
      14: lcmp
      15: ifgt          22
      18: iconst_1
      19: goto          23
      22: iconst_0
      23: istore        4
      25: aload_0
      26: iload         4
      28: ifeq          35
      31: aload_1
      32: goto          36
      35: aconst_null
      36: putfield      #44                 // Field cart:Ljava/util/UUID;
      39: aload_0
      40: iload         4
      42: ifeq          49
      45: lload_2
      46: goto          50
      49: lconst_0
      50: putfield      #48                 // Field remainingAtResume:J
      53: aload_0
      54: iconst_1
      55: putfield      #9                  // Field paused:Z
      58: return

  public void start(java.util.UUID, int);
    Code:
       0: aload_0
       1: aload_1
       2: invokestatic  #15                 // Method java/util/Objects.requireNonNull:(Ljava/lang/Object;)Ljava/lang/Object;
       5: checkcast     #52                 // class java/util/UUID
       8: iload_2
       9: invokestatic  #54                 // Method secondsToMillis:(I)J
      12: invokevirtual #58                 // Method restore:(Ljava/util/UUID;J)V
      15: aload_0
      16: invokevirtual #62                 // Method resume:()V
      19: return

  public void resume();
    Code:
       0: aload_0
       1: getfield      #9                  // Field paused:Z
       4: ifeq          25
       7: aload_0
       8: aload_0
       9: getfield      #23                 // Field clock:Ljava/util/function/LongSupplier;
      12: invokeinterface #65,  1           // InterfaceMethod java/util/function/LongSupplier.getAsLong:()J
      17: putfield      #69                 // Field resumedAt:J
      20: aload_0
      21: iconst_0
      22: putfield      #9                  // Field paused:Z
      25: return

  public void pause();
    Code:
       0: aload_0
       1: aload_0
       2: invokevirtual #72                 // Method remainingMillis:()J
       5: putfield      #48                 // Field remainingAtResume:J
       8: aload_0
       9: iconst_1
      10: putfield      #9                  // Field paused:Z
      13: return

  public long remainingMillis();
    Code:
       0: aload_0
       1: getfield      #44                 // Field cart:Ljava/util/UUID;
       4: ifnull        14
       7: aload_0
       8: getfield      #9                  // Field paused:Z
      11: ifeq          19
      14: aload_0
      15: getfield      #48                 // Field remainingAtResume:J
      18: lreturn
      19: lconst_0
      20: aload_0
      21: getfield      #23                 // Field clock:Ljava/util/function/LongSupplier;
      24: invokeinterface #65,  1           // InterfaceMethod java/util/function/LongSupplier.getAsLong:()J
      29: aload_0
      30: getfield      #69                 // Field resumedAt:J
      33: lsub
      34: ldc2_w        #75                 // long 1000000l
      37: ldiv
      38: invokestatic  #77                 // Method java/lang/Math.max:(JJ)J
      41: lstore_1
      42: lload_1
      43: aload_0
      44: getfield      #48                 // Field remainingAtResume:J
      47: lcmp
      48: iflt          55
      51: lconst_0
      52: goto          61
      55: aload_0
      56: getfield      #48                 // Field remainingAtResume:J
      59: lload_1
      60: lsub
      61: lreturn

  public java.util.UUID cartUuid();
    Code:
       0: aload_0
       1: getfield      #44                 // Field cart:Ljava/util/UUID;
       4: areturn
}
Compiled from "HoldingTimerData.java"
public final class com.ericchiu.simplerail.blockentity.HoldingTimerData {
  public static final java.lang.String KEY;

  private static final int VERSION;

  private com.ericchiu.simplerail.blockentity.HoldingTimerData();
    Code:
       0: aload_0
       1: invokespecial #1                  // Method java/lang/Object."<init>":()V
       4: return

  public static net.minecraft.nbt.CompoundTag encode(java.util.UUID, long);
    Code:
       0: new           #7                  // class net/minecraft/nbt/CompoundTag
       3: dup
       4: invokespecial #9                  // Method net/minecraft/nbt/CompoundTag."<init>":()V
       7: astore_3
       8: aload_3
       9: ldc           #10                 // String version
      11: iconst_1
      12: invokevirtual #14                 // Method net/minecraft/nbt/CompoundTag.putInt:(Ljava/lang/String;I)V
      15: aload_0
      16: ifnull        47
      19: lload_1
      20: lconst_0
      21: lcmp
      22: iflt          47
      25: lload_1
      26: ldc2_w        #20                 // long 2147483647000l
      29: lcmp
      30: ifgt          47
      33: aload_3
      34: ldc           #22                 // String cart_uuid
      36: aload_0
      37: invokevirtual #24                 // Method net/minecraft/nbt/CompoundTag.putUUID:(Ljava/lang/String;Ljava/util/UUID;)V
      40: aload_3
      41: ldc           #28                 // String remaining_ms
      43: lload_1
      44: invokevirtual #30                 // Method net/minecraft/nbt/CompoundTag.putLong:(Ljava/lang/String;J)V
      47: aload_3
      48: areturn

  public static com.ericchiu.simplerail.blockentity.HoldingTimerData$Snapshot decode(net.minecraft.nbt.CompoundTag);
    Code:
       0: aload_0
       1: ldc           #10                 // String version
       3: iconst_3
       4: invokevirtual #36                 // Method net/minecraft/nbt/CompoundTag.contains:(Ljava/lang/String;I)Z
       7: ifeq          39
      10: aload_0
      11: ldc           #10                 // String version
      13: invokevirtual #40                 // Method net/minecraft/nbt/CompoundTag.getInt:(Ljava/lang/String;)I
      16: iconst_1
      17: if_icmpne     39
      20: aload_0
      21: ldc           #22                 // String cart_uuid
      23: invokevirtual #44                 // Method net/minecraft/nbt/CompoundTag.hasUUID:(Ljava/lang/String;)Z
      26: ifeq          39
      29: aload_0
      30: ldc           #28                 // String remaining_ms
      32: iconst_4
      33: invokevirtual #36                 // Method net/minecraft/nbt/CompoundTag.contains:(Ljava/lang/String;I)Z
      36: ifne          49
      39: new           #48                 // class com/ericchiu/simplerail/blockentity/HoldingTimerData$Snapshot
      42: dup
      43: aconst_null
      44: lconst_0
      45: invokespecial #50                 // Method com/ericchiu/simplerail/blockentity/HoldingTimerData$Snapshot."<init>":(Ljava/util/UUID;J)V
      48: areturn
      49: aload_0
      50: ldc           #28                 // String remaining_ms
      52: invokevirtual #53                 // Method net/minecraft/nbt/CompoundTag.getLong:(Ljava/lang/String;)J
      55: lstore_1
      56: lload_1
      57: lconst_0
      58: lcmp
      59: iflt          70
      62: lload_1
      63: ldc2_w        #20                 // long 2147483647000l
      66: lcmp
      67: ifle          80
      70: new           #48                 // class com/ericchiu/simplerail/blockentity/HoldingTimerData$Snapshot
      73: dup
      74: aconst_null
      75: lconst_0
      76: invokespecial #50                 // Method com/ericchiu/simplerail/blockentity/HoldingTimerData$Snapshot."<init>":(Ljava/util/UUID;J)V
      79: areturn
      80: new           #48                 // class com/ericchiu/simplerail/blockentity/HoldingTimerData$Snapshot
      83: dup
      84: aload_0
      85: ldc           #22                 // String cart_uuid
      87: invokevirtual #57                 // Method net/minecraft/nbt/CompoundTag.getUUID:(Ljava/lang/String;)Ljava/util/UUID;
      90: lload_1
      91: invokespecial #50                 // Method com/ericchiu/simplerail/blockentity/HoldingTimerData$Snapshot."<init>":(Ljava/util/UUID;J)V
      94: areturn
}
Compiled from "HoldingTimerData.java"
public final class com.ericchiu.simplerail.blockentity.HoldingTimerData$Snapshot extends java.lang.Record {
  private final java.util.UUID cart;

  private final long remainingMillis;

  public com.ericchiu.simplerail.blockentity.HoldingTimerData$Snapshot(java.util.UUID, long);
    Code:
       0: aload_0
       1: invokespecial #1                  // Method java/lang/Record."<init>":()V
       4: aload_0
       5: aload_1
       6: putfield      #7                  // Field cart:Ljava/util/UUID;
       9: aload_0
      10: lload_2
      11: putfield      #13                 // Field remainingMillis:J
      14: return

  public final java.lang.String toString();
    Code:
       0: aload_0
       1: invokedynamic #17,  0             // InvokeDynamic #0:toString:(Lcom/ericchiu/simplerail/blockentity/HoldingTimerData$Snapshot;)Ljava/lang/String;
       6: areturn

  public final int hashCode();
    Code:
       0: aload_0
       1: invokedynamic #21,  0             // InvokeDynamic #0:hashCode:(Lcom/ericchiu/simplerail/blockentity/HoldingTimerData$Snapshot;)I
       6: ireturn

  public final boolean equals(java.lang.Object);
    Code:
       0: aload_0
       1: aload_1
       2: invokedynamic #25,  0             // InvokeDynamic #0:equals:(Lcom/ericchiu/simplerail/blockentity/HoldingTimerData$Snapshot;Ljava/lang/Object;)Z
       7: ireturn

  public java.util.UUID cart();
    Code:
       0: aload_0
       1: getfield      #7                  // Field cart:Ljava/util/UUID;
       4: areturn

  public long remainingMillis();
    Code:
       0: aload_0
       1: getfield      #13                 // Field remainingMillis:J
       4: lreturn
}
Compiled from "SignalTimerBlockEntity.java"
public final class com.ericchiu.simplerail.blockentity.SignalTimerBlockEntity extends net.minecraft.world.level.block.entity.BlockEntity {
  public com.ericchiu.simplerail.blockentity.SignalTimerBlockEntity(net.minecraft.core.BlockPos, net.minecraft.world.level.block.state.BlockState);
    Code:
       0: aload_0
       1: getstatic     #1                  // Field com/ericchiu/simplerail/registry/ModBlockEntities.SIGNAL_TIMER:Lnet/neoforged/neoforge/registries/DeferredHolder;
       4: invokevirtual #7                  // Method net/neoforged/neoforge/registries/DeferredHolder.get:()Ljava/lang/Object;
       7: checkcast     #13                 // class net/minecraft/world/level/block/entity/BlockEntityType
      10: aload_1
      11: aload_2
      12: invokespecial #15                 // Method net/minecraft/world/level/block/entity/BlockEntity."<init>":(Lnet/minecraft/world/level/block/entity/BlockEntityType;Lnet/minecraft/core/BlockPos;Lnet/minecraft/world/level/block/state/BlockState;)V
      15: return

  public static void serverTick(net.minecraft.world.level.Level, net.minecraft.core.BlockPos, net.minecraft.world.level.block.state.BlockState, com.ericchiu.simplerail.blockentity.SignalTimerBlockEntity);
    Code:
       0: aload_0
       1: instanceof    #21                 // class net/minecraft/server/level/ServerLevel
       4: ifeq          37
       7: aload_0
       8: checkcast     #21                 // class net/minecraft/server/level/ServerLevel
      11: astore        4
      13: aload_2
      14: invokevirtual #23                 // Method net/minecraft/world/level/block/state/BlockState.getBlock:()Lnet/minecraft/world/level/block/Block;
      17: astore        6
      19: aload         6
      21: instanceof    #29                 // class com/ericchiu/simplerail/block/SignalTimerBlock
      24: ifeq          37
      27: aload         6
      29: checkcast     #29                 // class com/ericchiu/simplerail/block/SignalTimerBlock
      32: astore        5
      34: goto          38
      37: return
      38: aload_2
      39: getstatic     #31                 // Field com/ericchiu/simplerail/block/SignalTimerBlock.LEVEL:Lnet/minecraft/world/level/block/state/properties/IntegerProperty;
      42: invokevirtual #35                 // Method net/minecraft/world/level/block/state/BlockState.getValue:(Lnet/minecraft/world/level/block/state/properties/Property;)Ljava/lang/Comparable;
      45: checkcast     #39                 // class java/lang/Integer
      48: invokevirtual #41                 // Method java/lang/Integer.intValue:()I
      51: istore        6
      53: iload         6
      55: ifne          97
      58: aload_2
      59: getstatic     #45                 // Field com/ericchiu/simplerail/block/SignalTimerBlock.POWERED:Lnet/minecraft/world/level/block/state/properties/BooleanProperty;
      62: invokevirtual #35                 // Method net/minecraft/world/level/block/state/BlockState.getValue:(Lnet/minecraft/world/level/block/state/properties/Property;)Ljava/lang/Comparable;
      65: checkcast     #49                 // class java/lang/Boolean
      68: invokevirtual #51                 // Method java/lang/Boolean.booleanValue:()Z
      71: ifeq          96
      74: aload         4
      76: aload_1
      77: aload_2
      78: getstatic     #45                 // Field com/ericchiu/simplerail/block/SignalTimerBlock.POWERED:Lnet/minecraft/world/level/block/state/properties/BooleanProperty;
      81: iconst_0
      82: invokestatic  #55                 // Method java/lang/Boolean.valueOf:(Z)Ljava/lang/Boolean;
      85: invokevirtual #59                 // Method net/minecraft/world/level/block/state/BlockState.setValue:(Lnet/minecraft/world/level/block/state/properties/Property;Ljava/lang/Comparable;)Ljava/lang/Object;
      88: checkcast     #24                 // class net/minecraft/world/level/block/state/BlockState
      91: iconst_3
      92: invokevirtual #65                 // Method net/minecraft/server/level/ServerLevel.setBlock:(Lnet/minecraft/core/BlockPos;Lnet/minecraft/world/level/block/state/BlockState;I)Z
      95: pop
      96: return
      97: aload         4
      99: invokevirtual #69                 // Method net/minecraft/server/level/ServerLevel.getBlockTicks:()Lnet/minecraft/world/ticks/LevelTicks;
     102: aload_1
     103: aload         5
     105: invokevirtual #73                 // Method net/minecraft/world/ticks/LevelTicks.hasScheduledTick:(Lnet/minecraft/core/BlockPos;Ljava/lang/Object;)Z
     108: ifne          158
     111: aload_2
     112: getstatic     #45                 // Field com/ericchiu/simplerail/block/SignalTimerBlock.POWERED:Lnet/minecraft/world/level/block/state/properties/BooleanProperty;
     115: invokevirtual #35                 // Method net/minecraft/world/level/block/state/BlockState.getValue:(Lnet/minecraft/world/level/block/state/properties/Property;)Ljava/lang/Comparable;
     118: checkcast     #49                 // class java/lang/Boolean
     121: invokevirtual #51                 // Method java/lang/Boolean.booleanValue:()Z
     124: ifeq          132
     127: bipush        10
     129: goto          143
     132: invokestatic  #81                 // Method com/ericchiu/simplerail/config/CommonConfig.current:()Lcom/ericchiu/simplerail/config/CommonConfig$Snapshot;
     135: iload         6
     137: invokevirtual #85                 // Method com/ericchiu/simplerail/config/CommonConfig$Snapshot.signalIntervalSeconds:(I)I
     140: invokestatic  #91                 // Method com/ericchiu/simplerail/blockentity/SignalTimerTiming.offTicks:(I)I
     143: istore        7
     145: aload         4
     147: aload_1
     148: aload         5
     150: iload         7
     152: getstatic     #96                 // Field net/minecraft/world/ticks/TickPriority.VERY_HIGH:Lnet/minecraft/world/ticks/TickPriority;
     155: invokevirtual #102                // Method net/minecraft/server/level/ServerLevel.scheduleTick:(Lnet/minecraft/core/BlockPos;Lnet/minecraft/world/level/block/Block;ILnet/minecraft/world/ticks/TickPriority;)V
     158: return
}
Compiled from "SignalTimerTiming.java"
public final class com.ericchiu.simplerail.blockentity.SignalTimerTiming {
  private com.ericchiu.simplerail.blockentity.SignalTimerTiming();
    Code:
       0: aload_0
       1: invokespecial #1                  // Method java/lang/Object."<init>":()V
       4: return

  public static int offTicks(int);
    Code:
       0: iload_0
       1: i2l
       2: ldc2_w        #9                  // long 20l
       5: lmul
       6: lstore_1
       7: lload_1
       8: ldc2_w        #11                 // long 10l
      11: lsub
      12: lstore_3
      13: lconst_1
      14: ldc2_w        #15                 // long 2147483647l
      17: lload_3
      18: invokestatic  #17                 // Method java/lang/Math.min:(JJ)J
      21: invokestatic  #23                 // Method java/lang/Math.max:(JJ)J
      24: l2i
      25: ireturn
}
Compiled from "TimerHoldingRailBlockEntity.java"
public final class com.ericchiu.simplerail.blockentity.TimerHoldingRailBlockEntity extends net.minecraft.world.level.block.entity.BlockEntity {
  private final com.ericchiu.simplerail.blockentity.HoldingTimer timer;

  private long lastRemaining;

  public com.ericchiu.simplerail.blockentity.TimerHoldingRailBlockEntity(net.minecraft.core.BlockPos, net.minecraft.world.level.block.state.BlockState);
    Code:
       0: aload_0
       1: aload_1
       2: aload_2
       3: invokedynamic #1,  0              // InvokeDynamic #0:getAsLong:()Ljava/util/function/LongSupplier;
       8: invokespecial #5                  // Method "<init>":(Lnet/minecraft/core/BlockPos;Lnet/minecraft/world/level/block/state/BlockState;Ljava/util/function/LongSupplier;)V
      11: return

  com.ericchiu.simplerail.blockentity.TimerHoldingRailBlockEntity(net.minecraft.core.BlockPos, net.minecraft.world.level.block.state.BlockState, java.util.function.LongSupplier);
    Code:
       0: aload_0
       1: getstatic     #11                 // Field com/ericchiu/simplerail/registry/ModBlockEntities.TIMER_HOLDING_RAIL:Lnet/neoforged/neoforge/registries/DeferredHolder;
       4: invokevirtual #17                 // Method net/neoforged/neoforge/registries/DeferredHolder.get:()Ljava/lang/Object;
       7: checkcast     #23                 // class net/minecraft/world/level/block/entity/BlockEntityType
      10: aload_1
      11: aload_2
      12: invokespecial #25                 // Method net/minecraft/world/level/block/entity/BlockEntity."<init>":(Lnet/minecraft/world/level/block/entity/BlockEntityType;Lnet/minecraft/core/BlockPos;Lnet/minecraft/world/level/block/state/BlockState;)V
      15: aload_0
      16: new           #30                 // class com/ericchiu/simplerail/blockentity/HoldingTimer
      19: dup
      20: aload_3
      21: invokespecial #32                 // Method com/ericchiu/simplerail/blockentity/HoldingTimer."<init>":(Ljava/util/function/LongSupplier;)V
      24: putfield      #35                 // Field timer:Lcom/ericchiu/simplerail/blockentity/HoldingTimer;
      27: return

  public boolean ownsCart(java.util.UUID);
    Code:
       0: aload_1
       1: aload_0
       2: getfield      #35                 // Field timer:Lcom/ericchiu/simplerail/blockentity/HoldingTimer;
       5: invokevirtual #39                 // Method com/ericchiu/simplerail/blockentity/HoldingTimer.cartUuid:()Ljava/util/UUID;
       8: invokevirtual #43                 // Method java/util/UUID.equals:(Ljava/lang/Object;)Z
      11: ireturn

  public void startWait(java.util.UUID, int);
    Code:
       0: aload_0
       1: getfield      #35                 // Field timer:Lcom/ericchiu/simplerail/blockentity/HoldingTimer;
       4: aload_1
       5: iload_2
       6: invokevirtual #49                 // Method com/ericchiu/simplerail/blockentity/HoldingTimer.start:(Ljava/util/UUID;I)V
       9: aload_0
      10: aload_0
      11: getfield      #35                 // Field timer:Lcom/ericchiu/simplerail/blockentity/HoldingTimer;
      14: invokevirtual #53                 // Method com/ericchiu/simplerail/blockentity/HoldingTimer.remainingMillis:()J
      17: putfield      #57                 // Field lastRemaining:J
      20: aload_0
      21: invokevirtual #61                 // Method setChanged:()V
      24: return

  public boolean readyToRelease();
    Code:
       0: aload_0
       1: getfield      #35                 // Field timer:Lcom/ericchiu/simplerail/blockentity/HoldingTimer;
       4: invokevirtual #65                 // Method com/ericchiu/simplerail/blockentity/HoldingTimer.resume:()V
       7: aload_0
       8: getfield      #35                 // Field timer:Lcom/ericchiu/simplerail/blockentity/HoldingTimer;
      11: invokevirtual #53                 // Method com/ericchiu/simplerail/blockentity/HoldingTimer.remainingMillis:()J
      14: lconst_0
      15: lcmp
      16: ifne          23
      19: iconst_1
      20: goto          24
      23: iconst_0
      24: ireturn

  public static void serverTick(net.minecraft.world.level.Level, net.minecraft.core.BlockPos, net.minecraft.world.level.block.state.BlockState, com.ericchiu.simplerail.blockentity.TimerHoldingRailBlockEntity);
    Code:
       0: aload_0
       1: getfield      #68                 // Field net/minecraft/world/level/Level.isClientSide:Z
       4: ifeq          8
       7: return
       8: aload_3
       9: getfield      #35                 // Field timer:Lcom/ericchiu/simplerail/blockentity/HoldingTimer;
      12: invokevirtual #65                 // Method com/ericchiu/simplerail/blockentity/HoldingTimer.resume:()V
      15: aload_3
      16: getfield      #35                 // Field timer:Lcom/ericchiu/simplerail/blockentity/HoldingTimer;
      19: invokevirtual #53                 // Method com/ericchiu/simplerail/blockentity/HoldingTimer.remainingMillis:()J
      22: lstore        4
      24: lload         4
      26: aload_3
      27: getfield      #57                 // Field lastRemaining:J
      30: lcmp
      31: ifeq          45
      34: aload_0
      35: aload_1
      36: invokevirtual #74                 // Method net/minecraft/world/level/Level.blockEntityChanged:(Lnet/minecraft/core/BlockPos;)V
      39: aload_3
      40: lload         4
      42: putfield      #57                 // Field lastRemaining:J
      45: return

  public boolean pauseForUnload();
    Code:
       0: aload_0
       1: getfield      #35                 // Field timer:Lcom/ericchiu/simplerail/blockentity/HoldingTimer;
       4: invokevirtual #78                 // Method com/ericchiu/simplerail/blockentity/HoldingTimer.pause:()V
       7: aload_0
       8: aload_0
       9: getfield      #35                 // Field timer:Lcom/ericchiu/simplerail/blockentity/HoldingTimer;
      12: invokevirtual #53                 // Method com/ericchiu/simplerail/blockentity/HoldingTimer.remainingMillis:()J
      15: putfield      #57                 // Field lastRemaining:J
      18: aload_0
      19: getfield      #35                 // Field timer:Lcom/ericchiu/simplerail/blockentity/HoldingTimer;
      22: invokevirtual #39                 // Method com/ericchiu/simplerail/blockentity/HoldingTimer.cartUuid:()Ljava/util/UUID;
      25: ifnull        32
      28: iconst_1
      29: goto          33
      32: iconst_0
      33: ireturn

  protected void saveAdditional(net.minecraft.nbt.CompoundTag, net.minecraft.core.HolderLookup$Provider);
    Code:
       0: aload_0
       1: aload_1
       2: aload_2
       3: invokespecial #81                 // Method net/minecraft/world/level/block/entity/BlockEntity.saveAdditional:(Lnet/minecraft/nbt/CompoundTag;Lnet/minecraft/core/HolderLookup$Provider;)V
       6: aload_1
       7: ldc           #87                 // String holding_timer
       9: aload_0
      10: getfield      #35                 // Field timer:Lcom/ericchiu/simplerail/blockentity/HoldingTimer;
      13: invokevirtual #39                 // Method com/ericchiu/simplerail/blockentity/HoldingTimer.cartUuid:()Ljava/util/UUID;
      16: aload_0
      17: getfield      #35                 // Field timer:Lcom/ericchiu/simplerail/blockentity/HoldingTimer;
      20: invokevirtual #53                 // Method com/ericchiu/simplerail/blockentity/HoldingTimer.remainingMillis:()J
      23: invokestatic  #89                 // Method com/ericchiu/simplerail/blockentity/HoldingTimerData.encode:(Ljava/util/UUID;J)Lnet/minecraft/nbt/CompoundTag;
      26: invokevirtual #93                 // Method net/minecraft/nbt/CompoundTag.put:(Ljava/lang/String;Lnet/minecraft/nbt/Tag;)Lnet/minecraft/nbt/Tag;
      29: pop
      30: return

  protected void loadAdditional(net.minecraft.nbt.CompoundTag, net.minecraft.core.HolderLookup$Provider);
    Code:
       0: aload_0
       1: aload_1
       2: aload_2
       3: invokespecial #99                 // Method net/minecraft/world/level/block/entity/BlockEntity.loadAdditional:(Lnet/minecraft/nbt/CompoundTag;Lnet/minecraft/core/HolderLookup$Provider;)V
       6: aload_1
       7: ldc           #87                 // String holding_timer
       9: invokevirtual #102                // Method net/minecraft/nbt/CompoundTag.getCompound:(Ljava/lang/String;)Lnet/minecraft/nbt/CompoundTag;
      12: invokestatic  #106                // Method com/ericchiu/simplerail/blockentity/HoldingTimerData.decode:(Lnet/minecraft/nbt/CompoundTag;)Lcom/ericchiu/simplerail/blockentity/HoldingTimerData$Snapshot;
      15: astore_3
      16: aload_0
      17: getfield      #35                 // Field timer:Lcom/ericchiu/simplerail/blockentity/HoldingTimer;
      20: aload_3
      21: invokevirtual #110                // Method com/ericchiu/simplerail/blockentity/HoldingTimerData$Snapshot.cart:()Ljava/util/UUID;
      24: aload_3
      25: invokevirtual #115                // Method com/ericchiu/simplerail/blockentity/HoldingTimerData$Snapshot.remainingMillis:()J
      28: invokevirtual #116                // Method com/ericchiu/simplerail/blockentity/HoldingTimer.restore:(Ljava/util/UUID;J)V
      31: aload_0
      32: aload_3
      33: invokevirtual #115                // Method com/ericchiu/simplerail/blockentity/HoldingTimerData$Snapshot.remainingMillis:()J
      36: putfield      #57                 // Field lastRemaining:J
      39: return
}
Compiled from "TrainDispenserBlockEntity.java"
public final class com.ericchiu.simplerail.blockentity.TrainDispenserBlockEntity extends net.minecraft.world.level.block.entity.BaseContainerBlockEntity {
  public static final int SLOT_COUNT;

  private net.minecraft.core.NonNullList<net.minecraft.world.item.ItemStack> items;

  public com.ericchiu.simplerail.blockentity.TrainDispenserBlockEntity(net.minecraft.core.BlockPos, net.minecraft.world.level.block.state.BlockState);
    Code:
       0: aload_0
       1: getstatic     #1                  // Field com/ericchiu/simplerail/registry/ModBlockEntities.TRAIN_DISPENSER:Lnet/neoforged/neoforge/registries/DeferredHolder;
       4: invokevirtual #7                  // Method net/neoforged/neoforge/registries/DeferredHolder.get:()Ljava/lang/Object;
       7: checkcast     #13                 // class net/minecraft/world/level/block/entity/BlockEntityType
      10: aload_1
      11: aload_2
      12: invokespecial #15                 // Method net/minecraft/world/level/block/entity/BaseContainerBlockEntity."<init>":(Lnet/minecraft/world/level/block/entity/BlockEntityType;Lnet/minecraft/core/BlockPos;Lnet/minecraft/world/level/block/state/BlockState;)V
      15: aload_0
      16: bipush        27
      18: getstatic     #23                 // Field net/minecraft/world/item/ItemStack.EMPTY:Lnet/minecraft/world/item/ItemStack;
      21: invokestatic  #29                 // Method net/minecraft/core/NonNullList.withSize:(ILjava/lang/Object;)Lnet/minecraft/core/NonNullList;
      24: putfield      #35                 // Field items:Lnet/minecraft/core/NonNullList;
      27: return

  public int getContainerSize();
    Code:
       0: bipush        27
       2: ireturn

  protected net.minecraft.network.chat.Component getDefaultName();
    Code:
       0: ldc           #39                 // String block.simplerail.train_dispenser
       2: invokestatic  #41                 // InterfaceMethod net/minecraft/network/chat/Component.translatable:(Ljava/lang/String;)Lnet/minecraft/network/chat/MutableComponent;
       5: areturn

  protected net.minecraft.core.NonNullList<net.minecraft.world.item.ItemStack> getItems();
    Code:
       0: aload_0
       1: getfield      #35                 // Field items:Lnet/minecraft/core/NonNullList;
       4: areturn

  protected void setItems(net.minecraft.core.NonNullList<net.minecraft.world.item.ItemStack>);
    Code:
       0: aload_1
       1: invokevirtual #47                 // Method net/minecraft/core/NonNullList.size:()I
       4: bipush        27
       6: if_icmpeq     19
       9: new           #51                 // class java/lang/IllegalArgumentException
      12: dup
      13: ldc           #53                 // String Train dispenser requires exactly 27 slots
      15: invokespecial #55                 // Method java/lang/IllegalArgumentException."<init>":(Ljava/lang/String;)V
      18: athrow
      19: aload_0
      20: aload_1
      21: putfield      #35                 // Field items:Lnet/minecraft/core/NonNullList;
      24: return

  protected net.minecraft.world.inventory.AbstractContainerMenu createMenu(int, net.minecraft.world.entity.player.Inventory);
    Code:
       0: iload_1
       1: aload_2
       2: aload_0
       3: invokestatic  #58                 // Method net/minecraft/world/inventory/ChestMenu.threeRows:(ILnet/minecraft/world/entity/player/Inventory;Lnet/minecraft/world/Container;)Lnet/minecraft/world/inventory/ChestMenu;
       6: areturn

  protected void loadAdditional(net.minecraft.nbt.CompoundTag, net.minecraft.core.HolderLookup$Provider);
    Code:
       0: aload_0
       1: aload_1
       2: aload_2
       3: invokespecial #64                 // Method net/minecraft/world/level/block/entity/BaseContainerBlockEntity.loadAdditional:(Lnet/minecraft/nbt/CompoundTag;Lnet/minecraft/core/HolderLookup$Provider;)V
       6: aload_0
       7: bipush        27
       9: getstatic     #23                 // Field net/minecraft/world/item/ItemStack.EMPTY:Lnet/minecraft/world/item/ItemStack;
      12: invokestatic  #29                 // Method net/minecraft/core/NonNullList.withSize:(ILjava/lang/Object;)Lnet/minecraft/core/NonNullList;
      15: putfield      #35                 // Field items:Lnet/minecraft/core/NonNullList;
      18: aload_1
      19: aload_0
      20: getfield      #35                 // Field items:Lnet/minecraft/core/NonNullList;
      23: aload_2
      24: invokestatic  #68                 // Method net/minecraft/world/ContainerHelper.loadAllItems:(Lnet/minecraft/nbt/CompoundTag;Lnet/minecraft/core/NonNullList;Lnet/minecraft/core/HolderLookup$Provider;)V
      27: return

  protected void saveAdditional(net.minecraft.nbt.CompoundTag, net.minecraft.core.HolderLookup$Provider);
    Code:
       0: aload_0
       1: aload_1
       2: aload_2
       3: invokespecial #74                 // Method net/minecraft/world/level/block/entity/BaseContainerBlockEntity.saveAdditional:(Lnet/minecraft/nbt/CompoundTag;Lnet/minecraft/core/HolderLookup$Provider;)V
       6: aload_1
       7: aload_0
       8: getfield      #35                 // Field items:Lnet/minecraft/core/NonNullList;
      11: aload_2
      12: invokestatic  #77                 // Method net/minecraft/world/ContainerHelper.saveAllItems:(Lnet/minecraft/nbt/CompoundTag;Lnet/minecraft/core/NonNullList;Lnet/minecraft/core/HolderLookup$Provider;)Lnet/minecraft/nbt/CompoundTag;
      15: pop
      16: return

  public net.minecraft.world.item.ItemStack removeItemNoUpdate(int);
    Code:
       0: aload_0
       1: iload_1
       2: invokespecial #81                 // Method net/minecraft/world/level/block/entity/BaseContainerBlockEntity.removeItemNoUpdate:(I)Lnet/minecraft/world/item/ItemStack;
       5: astore_2
       6: aload_2
       7: invokevirtual #85                 // Method net/minecraft/world/item/ItemStack.isEmpty:()Z
      10: ifne          17
      13: aload_0
      14: invokevirtual #89                 // Method setChanged:()V
      17: aload_2
      18: areturn

  public void clearContent();
    Code:
       0: aload_0
       1: bipush        27
       3: getstatic     #23                 // Field net/minecraft/world/item/ItemStack.EMPTY:Lnet/minecraft/world/item/ItemStack;
       6: invokestatic  #29                 // Method net/minecraft/core/NonNullList.withSize:(ILjava/lang/Object;)Lnet/minecraft/core/NonNullList;
       9: putfield      #35                 // Field items:Lnet/minecraft/core/NonNullList;
      12: aload_0
      13: invokevirtual #89                 // Method setChanged:()V
      16: return
}
Compiled from "CommonConfig.java"
public final class com.ericchiu.simplerail.config.CommonConfig {
  public static final java.lang.String FILE_NAME;

  public static final int SIGNAL_TICKS_PER_SECOND;

  public static final int SIGNAL_PULSE_TICKS;

  private static final net.neoforged.neoforge.common.ModConfigSpec$Builder BUILDER;

  private static final net.neoforged.neoforge.common.ModConfigSpec$BooleanValue CHUNK_LOADING;

  private static final net.neoforged.neoforge.common.ModConfigSpec$DoubleValue MAX_SPEED;

  private static final net.neoforged.neoforge.common.ModConfigSpec$BooleanValue ONEWAY_NEED_POWER;

  private static final net.neoforged.neoforge.common.ModConfigSpec$BooleanValue ONEWAY_USE_POWER;

  private static final net.neoforged.neoforge.common.ModConfigSpec$IntValue EJECT_DISTANCE;

  private static final net.neoforged.neoforge.common.ModConfigSpec$BooleanValue EJECT_NEED_POWER;

  private static final net.neoforged.neoforge.common.ModConfigSpec$BooleanValue DESTORY_NEED_POWER;

  private static final java.util.List<net.neoforged.neoforge.common.ModConfigSpec$IntValue> HOLDING_SECONDS;

  private static final java.util.List<net.neoforged.neoforge.common.ModConfigSpec$IntValue> SIGNAL_SECONDS;

  public static final net.neoforged.neoforge.common.ModConfigSpec SPEC;

  private static volatile com.ericchiu.simplerail.config.CommonConfig$Snapshot active;

  private com.ericchiu.simplerail.config.CommonConfig();
    Code:
       0: aload_0
       1: invokespecial #1                  // Method java/lang/Object."<init>":()V
       4: return

  private static java.util.List<net.neoforged.neoforge.common.ModConfigSpec$IntValue> defineLevels(java.lang.String, java.lang.String);
    Code:
       0: bipush        9
       2: newarray       int
       4: dup
       5: iconst_0
       6: iconst_5
       7: iastore
       8: dup
       9: iconst_1
      10: bipush        10
      12: iastore
      13: dup
      14: iconst_2
      15: bipush        15
      17: iastore
      18: dup
      19: iconst_3
      20: bipush        20
      22: iastore
      23: dup
      24: iconst_4
      25: bipush        25
      27: iastore
      28: dup
      29: iconst_5
      30: bipush        30
      32: iastore
      33: dup
      34: bipush        6
      36: bipush        40
      38: iastore
      39: dup
      40: bipush        7
      42: bipush        50
      44: iastore
      45: dup
      46: bipush        8
      48: bipush        60
      50: iastore
      51: astore_2
      52: new           #7                  // class java/util/ArrayList
      55: dup
      56: aload_2
      57: arraylength
      58: invokespecial #9                  // Method java/util/ArrayList."<init>":(I)V
      61: astore_3
      62: iconst_0
      63: istore        4
      65: iload         4
      67: aload_2
      68: arraylength
      69: if_icmpge     112
      72: aload_3
      73: getstatic     #12                 // Field BUILDER:Lnet/neoforged/neoforge/common/ModConfigSpec$Builder;
      76: aload_1
      77: invokevirtual #18                 // Method net/neoforged/neoforge/common/ModConfigSpec$Builder.comment:(Ljava/lang/String;)Lnet/neoforged/neoforge/common/ModConfigSpec$Builder;
      80: aload_0
      81: iload         4
      83: iconst_1
      84: iadd
      85: invokedynamic #24,  0             // InvokeDynamic #0:makeConcatWithConstants:(Ljava/lang/String;I)Ljava/lang/String;
      90: aload_2
      91: iload         4
      93: iaload
      94: iconst_0
      95: ldc           #30                 // int 2147483647
      97: invokevirtual #31                 // Method net/neoforged/neoforge/common/ModConfigSpec$Builder.defineInRange:(Ljava/lang/String;III)Lnet/neoforged/neoforge/common/ModConfigSpec$IntValue;
     100: invokeinterface #35,  2           // InterfaceMethod java/util/List.add:(Ljava/lang/Object;)Z
     105: pop
     106: iinc          4, 1
     109: goto          65
     112: aload_3
     113: invokestatic  #41                 // InterfaceMethod java/util/List.copyOf:(Ljava/util/Collection;)Ljava/util/List;
     116: areturn

  public static void register(net.neoforged.bus.api.IEventBus, net.neoforged.fml.ModContainer);
    Code:
       0: aload_0
       1: invokedynamic #45,  0             // InvokeDynamic #1:accept:()Ljava/util/function/Consumer;
       6: invokeinterface #49,  2           // InterfaceMethod net/neoforged/bus/api/IEventBus.addListener:(Ljava/util/function/Consumer;)V
      11: aload_0
      12: invokedynamic #55,  0             // InvokeDynamic #2:accept:()Ljava/util/function/Consumer;
      17: invokeinterface #49,  2           // InterfaceMethod net/neoforged/bus/api/IEventBus.addListener:(Ljava/util/function/Consumer;)V
      22: aload_0
      23: invokedynamic #56,  0             // InvokeDynamic #3:accept:()Ljava/util/function/Consumer;
      28: invokeinterface #49,  2           // InterfaceMethod net/neoforged/bus/api/IEventBus.addListener:(Ljava/util/function/Consumer;)V
      33: aload_1
      34: getstatic     #57                 // Field net/neoforged/fml/config/ModConfig$Type.COMMON:Lnet/neoforged/fml/config/ModConfig$Type;
      37: getstatic     #63                 // Field SPEC:Lnet/neoforged/neoforge/common/ModConfigSpec;
      40: ldc           #67                 // String simplerail-common.toml
      42: invokevirtual #69                 // Method net/neoforged/fml/ModContainer.registerConfig:(Lnet/neoforged/fml/config/ModConfig$Type;Lnet/neoforged/fml/config/IConfigSpec;Ljava/lang/String;)V
      45: return

  private static boolean owns(net.neoforged.fml.event.config.ModConfigEvent);
    Code:
       0: aload_0
       1: invokevirtual #75                 // Method net/neoforged/fml/event/config/ModConfigEvent.getConfig:()Lnet/neoforged/fml/config/ModConfig;
       4: invokevirtual #81                 // Method net/neoforged/fml/config/ModConfig.getSpec:()Lnet/neoforged/fml/config/IConfigSpec;
       7: getstatic     #63                 // Field SPEC:Lnet/neoforged/neoforge/common/ModConfigSpec;
      10: if_acmpne     45
      13: aload_0
      14: invokevirtual #75                 // Method net/neoforged/fml/event/config/ModConfigEvent.getConfig:()Lnet/neoforged/fml/config/ModConfig;
      17: invokevirtual #87                 // Method net/neoforged/fml/config/ModConfig.getType:()Lnet/neoforged/fml/config/ModConfig$Type;
      20: getstatic     #57                 // Field net/neoforged/fml/config/ModConfig$Type.COMMON:Lnet/neoforged/fml/config/ModConfig$Type;
      23: if_acmpne     45
      26: aload_0
      27: invokevirtual #75                 // Method net/neoforged/fml/event/config/ModConfigEvent.getConfig:()Lnet/neoforged/fml/config/ModConfig;
      30: invokevirtual #91                 // Method net/neoforged/fml/config/ModConfig.getModId:()Ljava/lang/String;
      33: ldc           #97                 // String simplerail
      35: invokevirtual #99                 // Method java/lang/String.equals:(Ljava/lang/Object;)Z
      38: ifeq          45
      41: iconst_1
      42: goto          46
      45: iconst_0
      46: ireturn

  private static void onLoading(net.neoforged.fml.event.config.ModConfigEvent$Loading);
    Code:
       0: aload_0
       1: invokestatic  #104                // Method owns:(Lnet/neoforged/fml/event/config/ModConfigEvent;)Z
       4: ifeq          10
       7: invokestatic  #108                // Method publishLoadedValues:()V
      10: return

  private static void onReloading(net.neoforged.fml.event.config.ModConfigEvent$Reloading);
    Code:
       0: aload_0
       1: invokestatic  #104                // Method owns:(Lnet/neoforged/fml/event/config/ModConfigEvent;)Z
       4: ifeq          10
       7: invokestatic  #108                // Method publishLoadedValues:()V
      10: return

  private static void onUnloading(net.neoforged.fml.event.config.ModConfigEvent$Unloading);
    Code:
       0: aload_0
       1: invokestatic  #104                // Method owns:(Lnet/neoforged/fml/event/config/ModConfigEvent;)Z
       4: ifeq          10
       7: invokestatic  #111                // Method clearLoadedValues:()V
      10: return

  public static com.ericchiu.simplerail.config.CommonConfig$Snapshot current();
    Code:
       0: getstatic     #114                // Field active:Lcom/ericchiu/simplerail/config/CommonConfig$Snapshot;
       3: astore_0
       4: aload_0
       5: ifnonnull     18
       8: new           #118                // class java/lang/IllegalStateException
      11: dup
      12: ldc           #120                // String Simple Rail COMMON config has not been loaded.
      14: invokespecial #122                // Method java/lang/IllegalStateException."<init>":(Ljava/lang/String;)V
      17: athrow
      18: aload_0
      19: areturn

  static void publishLoadedValues();
    Code:
       0: getstatic     #63                 // Field SPEC:Lnet/neoforged/neoforge/common/ModConfigSpec;
       3: invokevirtual #125                // Method net/neoforged/neoforge/common/ModConfigSpec.isLoaded:()Z
       6: ifne          19
       9: new           #118                // class java/lang/IllegalStateException
      12: dup
      13: ldc           #131                // String Cannot publish Simple Rail config before the spec is loaded.
      15: invokespecial #122                // Method java/lang/IllegalStateException."<init>":(Ljava/lang/String;)V
      18: athrow
      19: new           #133                // class com/ericchiu/simplerail/config/CommonConfig$Snapshot
      22: dup
      23: getstatic     #135                // Field CHUNK_LOADING:Lnet/neoforged/neoforge/common/ModConfigSpec$BooleanValue;
      26: invokevirtual #139                // Method net/neoforged/neoforge/common/ModConfigSpec$BooleanValue.getAsBoolean:()Z
      29: getstatic     #144                // Field MAX_SPEED:Lnet/neoforged/neoforge/common/ModConfigSpec$DoubleValue;
      32: invokevirtual #148                // Method net/neoforged/neoforge/common/ModConfigSpec$DoubleValue.getAsDouble:()D
      35: getstatic     #154                // Field ONEWAY_NEED_POWER:Lnet/neoforged/neoforge/common/ModConfigSpec$BooleanValue;
      38: invokevirtual #139                // Method net/neoforged/neoforge/common/ModConfigSpec$BooleanValue.getAsBoolean:()Z
      41: getstatic     #157                // Field ONEWAY_USE_POWER:Lnet/neoforged/neoforge/common/ModConfigSpec$BooleanValue;
      44: invokevirtual #139                // Method net/neoforged/neoforge/common/ModConfigSpec$BooleanValue.getAsBoolean:()Z
      47: getstatic     #160                // Field EJECT_DISTANCE:Lnet/neoforged/neoforge/common/ModConfigSpec$IntValue;
      50: invokevirtual #164                // Method net/neoforged/neoforge/common/ModConfigSpec$IntValue.getAsInt:()I
      53: getstatic     #170                // Field EJECT_NEED_POWER:Lnet/neoforged/neoforge/common/ModConfigSpec$BooleanValue;
      56: invokevirtual #139                // Method net/neoforged/neoforge/common/ModConfigSpec$BooleanValue.getAsBoolean:()Z
      59: getstatic     #173                // Field DESTORY_NEED_POWER:Lnet/neoforged/neoforge/common/ModConfigSpec$BooleanValue;
      62: invokevirtual #139                // Method net/neoforged/neoforge/common/ModConfigSpec$BooleanValue.getAsBoolean:()Z
      65: getstatic     #176                // Field HOLDING_SECONDS:Ljava/util/List;
      68: invokestatic  #180                // Method readSeconds:(Ljava/util/List;)Ljava/util/List;
      71: getstatic     #184                // Field SIGNAL_SECONDS:Ljava/util/List;
      74: invokestatic  #180                // Method readSeconds:(Ljava/util/List;)Ljava/util/List;
      77: invokespecial #187                // Method com/ericchiu/simplerail/config/CommonConfig$Snapshot."<init>":(ZDZZIZZLjava/util/List;Ljava/util/List;)V
      80: putstatic     #114                // Field active:Lcom/ericchiu/simplerail/config/CommonConfig$Snapshot;
      83: return

  static void clearLoadedValues();
    Code:
       0: aconst_null
       1: putstatic     #114                // Field active:Lcom/ericchiu/simplerail/config/CommonConfig$Snapshot;
       4: return

  private static java.util.List<java.lang.Integer> readSeconds(java.util.List<net.neoforged.neoforge.common.ModConfigSpec$IntValue>);
    Code:
       0: aload_0
       1: invokeinterface #190,  1          // InterfaceMethod java/util/List.stream:()Ljava/util/stream/Stream;
       6: invokedynamic #194,  0            // InvokeDynamic #4:apply:()Ljava/util/function/Function;
      11: invokeinterface #198,  2          // InterfaceMethod java/util/stream/Stream.map:(Ljava/util/function/Function;)Ljava/util/stream/Stream;
      16: invokeinterface #204,  1          // InterfaceMethod java/util/stream/Stream.toList:()Ljava/util/List;
      21: areturn

  static {};
    Code:
       0: new           #19                 // class net/neoforged/neoforge/common/ModConfigSpec$Builder
       3: dup
       4: invokespecial #208                // Method net/neoforged/neoforge/common/ModConfigSpec$Builder."<init>":()V
       7: putstatic     #12                 // Field BUILDER:Lnet/neoforged/neoforge/common/ModConfigSpec$Builder;
      10: getstatic     #12                 // Field BUILDER:Lnet/neoforged/neoforge/common/ModConfigSpec$Builder;
      13: ldc           #209                // String Keep locomotive chunk loading enabled when true (historical key name; default true).
      15: invokevirtual #18                 // Method net/neoforged/neoforge/common/ModConfigSpec$Builder.comment:(Ljava/lang/String;)Lnet/neoforged/neoforge/common/ModConfigSpec$Builder;
      18: ldc           #211                // String cart.locomotive.disableLoadingChunk
      20: iconst_1
      21: invokevirtual #213                // Method net/neoforged/neoforge/common/ModConfigSpec$Builder.define:(Ljava/lang/String;Z)Lnet/neoforged/neoforge/common/ModConfigSpec$BooleanValue;
      24: putstatic     #135                // Field CHUNK_LOADING:Lnet/neoforged/neoforge/common/ModConfigSpec$BooleanValue;
      27: getstatic     #12                 // Field BUILDER:Lnet/neoforged/neoforge/common/ModConfigSpec$Builder;
      30: ldc           #217                // String Shared rail speed limit; actual cart speed also depends on cart limits and movement.
      32: invokevirtual #18                 // Method net/neoforged/neoforge/common/ModConfigSpec$Builder.comment:(Ljava/lang/String;)Lnet/neoforged/neoforge/common/ModConfigSpec$Builder;
      35: ldc           #219                // String rail.high_speed_rail.maxSpeed
      37: ldc2_w        #221                // double 0.8d
      40: ldc2_w        #223                // double 0.4d
      43: ldc2_w        #225                // double 2.0d
      46: invokevirtual #227                // Method net/neoforged/neoforge/common/ModConfigSpec$Builder.defineInRange:(Ljava/lang/String;DDD)Lnet/neoforged/neoforge/common/ModConfigSpec$DoubleValue;
      49: putstatic     #144                // Field MAX_SPEED:Lnet/neoforged/neoforge/common/ModConfigSpec$DoubleValue;
      52: getstatic     #12                 // Field BUILDER:Lnet/neoforged/neoforge/common/ModConfigSpec$Builder;
      55: ldc           #230                // String Whether oneway rails require power; also projected to need_power on placement.
      57: invokevirtual #18                 // Method net/neoforged/neoforge/common/ModConfigSpec$Builder.comment:(Ljava/lang/String;)Lnet/neoforged/neoforge/common/ModConfigSpec$Builder;
      60: ldc           #232                // String rail.oneway_rail.needPower
      62: iconst_1
      63: invokevirtual #213                // Method net/neoforged/neoforge/common/ModConfigSpec$Builder.define:(Ljava/lang/String;Z)Lnet/neoforged/neoforge/common/ModConfigSpec$BooleanValue;
      66: putstatic     #154                // Field ONEWAY_NEED_POWER:Lnet/neoforged/neoforge/common/ModConfigSpec$BooleanValue;
      69: getstatic     #12                 // Field BUILDER:Lnet/neoforged/neoforge/common/ModConfigSpec$Builder;
      72: ldc           #234                // String Oneway power mode; also projected to use_power on placement. Reload does not rewrite blocks.
      74: invokevirtual #18                 // Method net/neoforged/neoforge/common/ModConfigSpec$Builder.comment:(Ljava/lang/String;)Lnet/neoforged/neoforge/common/ModConfigSpec$Builder;
      77: ldc           #236                // String rail.oneway_rail.usePowerChangeDirection
      79: iconst_0
      80: invokevirtual #213                // Method net/neoforged/neoforge/common/ModConfigSpec$Builder.define:(Ljava/lang/String;Z)Lnet/neoforged/neoforge/common/ModConfigSpec$BooleanValue;
      83: putstatic     #157                // Field ONEWAY_USE_POWER:Lnet/neoforged/neoforge/common/ModConfigSpec$BooleanValue;
      86: getstatic     #12                 // Field BUILDER:Lnet/neoforged/neoforge/common/ModConfigSpec$Builder;
      89: ldc           #238                // String Passenger transport distance for eject rails.
      91: invokevirtual #18                 // Method net/neoforged/neoforge/common/ModConfigSpec$Builder.comment:(Ljava/lang/String;)Lnet/neoforged/neoforge/common/ModConfigSpec$Builder;
      94: ldc           #240                // String rail.eject_rail.transportDistance
      96: iconst_3
      97: iconst_1
      98: bipush        100
     100: invokevirtual #31                 // Method net/neoforged/neoforge/common/ModConfigSpec$Builder.defineInRange:(Ljava/lang/String;III)Lnet/neoforged/neoforge/common/ModConfigSpec$IntValue;
     103: putstatic     #160                // Field EJECT_DISTANCE:Lnet/neoforged/neoforge/common/ModConfigSpec$IntValue;
     106: getstatic     #12                 // Field BUILDER:Lnet/neoforged/neoforge/common/ModConfigSpec$Builder;
     109: ldc           #242                // String Whether eject rails require power; also projected to need_power on placement.
     111: invokevirtual #18                 // Method net/neoforged/neoforge/common/ModConfigSpec$Builder.comment:(Ljava/lang/String;)Lnet/neoforged/neoforge/common/ModConfigSpec$Builder;
     114: ldc           #244                // String rail.eject_rail.needPower
     116: iconst_1
     117: invokevirtual #213                // Method net/neoforged/neoforge/common/ModConfigSpec$Builder.define:(Ljava/lang/String;Z)Lnet/neoforged/neoforge/common/ModConfigSpec$BooleanValue;
     120: putstatic     #170                // Field EJECT_NEED_POWER:Lnet/neoforged/neoforge/common/ModConfigSpec$BooleanValue;
     123: getstatic     #12                 // Field BUILDER:Lnet/neoforged/neoforge/common/ModConfigSpec$Builder;
     126: ldc           #246                // String Whether destory rail requires power; keep the historical spelling.
     128: invokevirtual #18                 // Method net/neoforged/neoforge/common/ModConfigSpec$Builder.comment:(Ljava/lang/String;)Lnet/neoforged/neoforge/common/ModConfigSpec$Builder;
     131: ldc           #248                // String rail.destory_rail.needPower
     133: iconst_0
     134: invokevirtual #213                // Method net/neoforged/neoforge/common/ModConfigSpec$Builder.define:(Ljava/lang/String;Z)Lnet/neoforged/neoforge/common/ModConfigSpec$BooleanValue;
     137: putstatic     #173                // Field DESTORY_NEED_POWER:Lnet/neoforged/neoforge/common/ModConfigSpec$BooleanValue;
     140: ldc           #250                // String rail.timer_holding_rail
     142: ldc           #252                // String Real elapsed seconds for a new holding wait; unloaded/offline time is paused (D5).
     144: invokestatic  #254                // Method defineLevels:(Ljava/lang/String;Ljava/lang/String;)Ljava/util/List;
     147: putstatic     #176                // Field HOLDING_SECONDS:Ljava/util/List;
     150: ldc_w         #258                // String rail.signal_timer_block
     153: ldc_w         #260                // String Signal interval in seconds, converted by the signal scheduler using 20 ticks per second.
     156: invokestatic  #254                // Method defineLevels:(Ljava/lang/String;Ljava/lang/String;)Ljava/util/List;
     159: putstatic     #184                // Field SIGNAL_SECONDS:Ljava/util/List;
     162: getstatic     #12                 // Field BUILDER:Lnet/neoforged/neoforge/common/ModConfigSpec$Builder;
     165: invokevirtual #262                // Method net/neoforged/neoforge/common/ModConfigSpec$Builder.build:()Lnet/neoforged/neoforge/common/ModConfigSpec;
     168: putstatic     #63                 // Field SPEC:Lnet/neoforged/neoforge/common/ModConfigSpec;
     171: return
}
Compiled from "CommonConfig.java"
public final class com.ericchiu.simplerail.config.CommonConfig$Snapshot extends java.lang.Record {
  private final boolean locomotiveChunkLoadingEnabled;

  private final double railMaxSpeed;

  private final boolean onewayNeedPower;

  private final boolean onewayUsePowerChangeDirection;

  private final int ejectTransportDistance;

  private final boolean ejectNeedPower;

  private final boolean destoryNeedPower;

  private final java.util.List<java.lang.Integer> holdingWaitSecondsByLevel;

  private final java.util.List<java.lang.Integer> signalIntervalSecondsByLevel;

  public com.ericchiu.simplerail.config.CommonConfig$Snapshot(boolean, double, boolean, boolean, int, boolean, boolean, java.util.List<java.lang.Integer>, java.util.List<java.lang.Integer>);
    Code:
       0: aload_0
       1: invokespecial #1                  // Method java/lang/Record."<init>":()V
       4: aload         9
       6: invokestatic  #7                  // InterfaceMethod java/util/List.copyOf:(Ljava/util/Collection;)Ljava/util/List;
       9: astore        9
      11: aload         10
      13: invokestatic  #7                  // InterfaceMethod java/util/List.copyOf:(Ljava/util/Collection;)Ljava/util/List;
      16: astore        10
      18: aload         9
      20: invokeinterface #13,  1           // InterfaceMethod java/util/List.size:()I
      25: bipush        9
      27: if_icmpne     42
      30: aload         10
      32: invokeinterface #13,  1           // InterfaceMethod java/util/List.size:()I
      37: bipush        9
      39: if_icmpeq     52
      42: new           #17                 // class java/lang/IllegalArgumentException
      45: dup
      46: ldc           #19                 // String Timer settings require levels 1 through 9.
      48: invokespecial #21                 // Method java/lang/IllegalArgumentException."<init>":(Ljava/lang/String;)V
      51: athrow
      52: aload_0
      53: iload_1
      54: putfield      #24                 // Field locomotiveChunkLoadingEnabled:Z
      57: aload_0
      58: dload_2
      59: putfield      #30                 // Field railMaxSpeed:D
      62: aload_0
      63: iload         4
      65: putfield      #34                 // Field onewayNeedPower:Z
      68: aload_0
      69: iload         5
      71: putfield      #37                 // Field onewayUsePowerChangeDirection:Z
      74: aload_0
      75: iload         6
      77: putfield      #40                 // Field ejectTransportDistance:I
      80: aload_0
      81: iload         7
      83: putfield      #44                 // Field ejectNeedPower:Z
      86: aload_0
      87: iload         8
      89: putfield      #47                 // Field destoryNeedPower:Z
      92: aload_0
      93: aload         9
      95: putfield      #50                 // Field holdingWaitSecondsByLevel:Ljava/util/List;
      98: aload_0
      99: aload         10
     101: putfield      #54                 // Field signalIntervalSecondsByLevel:Ljava/util/List;
     104: return

  public int holdingWaitSeconds(int);
    Code:
       0: aload_0
       1: getfield      #50                 // Field holdingWaitSecondsByLevel:Ljava/util/List;
       4: iload_1
       5: invokestatic  #57                 // Method levelIndex:(I)I
       8: invokeinterface #61,  2           // InterfaceMethod java/util/List.get:(I)Ljava/lang/Object;
      13: checkcast     #65                 // class java/lang/Integer
      16: invokevirtual #67                 // Method java/lang/Integer.intValue:()I
      19: ireturn

  public int signalIntervalSeconds(int);
    Code:
       0: aload_0
       1: getfield      #54                 // Field signalIntervalSecondsByLevel:Ljava/util/List;
       4: iload_1
       5: invokestatic  #57                 // Method levelIndex:(I)I
       8: invokeinterface #61,  2           // InterfaceMethod java/util/List.get:(I)Ljava/lang/Object;
      13: checkcast     #65                 // class java/lang/Integer
      16: invokevirtual #67                 // Method java/lang/Integer.intValue:()I
      19: ireturn

  private static int levelIndex(int);
    Code:
       0: iload_0
       1: iconst_1
       2: if_icmplt     11
       5: iload_0
       6: bipush        9
       8: if_icmple     21
      11: new           #17                 // class java/lang/IllegalArgumentException
      14: dup
      15: ldc           #70                 // String Config timer level must be 1 through 9; level 0 is handled by the feature.
      17: invokespecial #21                 // Method java/lang/IllegalArgumentException."<init>":(Ljava/lang/String;)V
      20: athrow
      21: iload_0
      22: iconst_1
      23: isub
      24: ireturn

  public final java.lang.String toString();
    Code:
       0: aload_0
       1: invokedynamic #72,  0             // InvokeDynamic #0:toString:(Lcom/ericchiu/simplerail/config/CommonConfig$Snapshot;)Ljava/lang/String;
       6: areturn

  public final int hashCode();
    Code:
       0: aload_0
       1: invokedynamic #76,  0             // InvokeDynamic #0:hashCode:(Lcom/ericchiu/simplerail/config/CommonConfig$Snapshot;)I
       6: ireturn

  public final boolean equals(java.lang.Object);
    Code:
       0: aload_0
       1: aload_1
       2: invokedynamic #80,  0             // InvokeDynamic #0:equals:(Lcom/ericchiu/simplerail/config/CommonConfig$Snapshot;Ljava/lang/Object;)Z
       7: ireturn

  public boolean locomotiveChunkLoadingEnabled();
    Code:
       0: aload_0
       1: getfield      #24                 // Field locomotiveChunkLoadingEnabled:Z
       4: ireturn

  public double railMaxSpeed();
    Code:
       0: aload_0
       1: getfield      #30                 // Field railMaxSpeed:D
       4: dreturn

  public boolean onewayNeedPower();
    Code:
       0: aload_0
       1: getfield      #34                 // Field onewayNeedPower:Z
       4: ireturn

  public boolean onewayUsePowerChangeDirection();
    Code:
       0: aload_0
       1: getfield      #37                 // Field onewayUsePowerChangeDirection:Z
       4: ireturn

  public int ejectTransportDistance();
    Code:
       0: aload_0
       1: getfield      #40                 // Field ejectTransportDistance:I
       4: ireturn

  public boolean ejectNeedPower();
    Code:
       0: aload_0
       1: getfield      #44                 // Field ejectNeedPower:Z
       4: ireturn

  public boolean destoryNeedPower();
    Code:
       0: aload_0
       1: getfield      #47                 // Field destoryNeedPower:Z
       4: ireturn

  public java.util.List<java.lang.Integer> holdingWaitSecondsByLevel();
    Code:
       0: aload_0
       1: getfield      #50                 // Field holdingWaitSecondsByLevel:Ljava/util/List;
       4: areturn

  public java.util.List<java.lang.Integer> signalIntervalSecondsByLevel();
    Code:
       0: aload_0
       1: getfield      #54                 // Field signalIntervalSecondsByLevel:Ljava/util/List;
       4: areturn
}
Compiled from "Wrench.java"
public final class com.ericchiu.simplerail.item.Wrench extends net.minecraft.world.item.Item {
  public com.ericchiu.simplerail.item.Wrench(net.minecraft.world.item.Item$Properties);
    Code:
       0: aload_0
       1: aload_1
       2: invokespecial #1                  // Method net/minecraft/world/item/Item."<init>":(Lnet/minecraft/world/item/Item$Properties;)V
       5: return

  public boolean canPerformAction(net.minecraft.world.item.ItemStack, net.neoforged.neoforge.common.ItemAbility);
    Code:
       0: getstatic     #7                  // Field net/neoforged/neoforge/common/ItemAbilities.DEFAULT_HOE_ACTIONS:Ljava/util/Set;
       3: aload_2
       4: invokeinterface #13,  2           // InterfaceMethod java/util/Set.contains:(Ljava/lang/Object;)Z
       9: ireturn

  public net.minecraft.world.InteractionResult useOn(net.minecraft.world.item.context.UseOnContext);
    Code:
       0: aload_1
       1: invokevirtual #19                 // Method net/minecraft/world/item/context/UseOnContext.getLevel:()Lnet/minecraft/world/level/Level;
       4: astore_2
       5: aload_2
       6: getfield      #25                 // Field net/minecraft/world/level/Level.isClientSide:Z
       9: ifeq          16
      12: getstatic     #31                 // Field net/minecraft/world/InteractionResult.SUCCESS:Lnet/minecraft/world/InteractionResult;
      15: areturn
      16: aload_2
      17: instanceof    #37                 // class net/minecraft/server/level/ServerLevel
      20: ifeq          31
      23: aload_2
      24: checkcast     #37                 // class net/minecraft/server/level/ServerLevel
      27: astore_3
      28: goto          35
      31: getstatic     #39                 // Field net/minecraft/world/InteractionResult.PASS:Lnet/minecraft/world/InteractionResult;
      34: areturn
      35: aload_1
      36: invokevirtual #42                 // Method net/minecraft/world/item/context/UseOnContext.getClickedPos:()Lnet/minecraft/core/BlockPos;
      39: astore        4
      41: aload_3
      42: aload         4
      44: invokevirtual #46                 // Method net/minecraft/server/level/ServerLevel.getBlockState:(Lnet/minecraft/core/BlockPos;)Lnet/minecraft/world/level/block/state/BlockState;
      47: astore        5
      49: aload         5
      51: getstatic     #50                 // Field com/ericchiu/simplerail/registry/ModTags.RAILS:Lnet/minecraft/tags/TagKey;
      54: invokevirtual #56                 // Method net/minecraft/world/level/block/state/BlockState.is:(Lnet/minecraft/tags/TagKey;)Z
      57: ifeq          156
      60: aload_3
      61: ldc           #62                 // class net/minecraft/world/entity/vehicle/AbstractMinecart
      63: new           #64                 // class net/minecraft/world/phys/AABB
      66: dup
      67: aload         4
      69: invokespecial #66                 // Method net/minecraft/world/phys/AABB."<init>":(Lnet/minecraft/core/BlockPos;)V
      72: invokevirtual #69                 // Method net/minecraft/server/level/ServerLevel.getEntitiesOfClass:(Ljava/lang/Class;Lnet/minecraft/world/phys/AABB;)Ljava/util/List;
      75: invokeinterface #73,  1           // InterfaceMethod java/util/List.isEmpty:()Z
      80: ifeq          156
      83: aload         5
      85: invokevirtual #79                 // Method net/minecraft/world/level/block/state/BlockState.getBlock:()Lnet/minecraft/world/level/block/Block;
      88: instanceof    #83                 // class com/ericchiu/simplerail/block/TimerHoldingRail
      91: ifeq          115
      94: aload_3
      95: aload         4
      97: aload         5
      99: aload         5
     101: invokestatic  #85                 // Method cycleLevel:(Lnet/minecraft/world/level/block/state/BlockState;)Lnet/minecraft/world/level/block/state/BlockState;
     104: ldc           #91                 // String direction
     106: invokestatic  #93                 // Method rotate:(Lnet/minecraft/world/level/block/state/BlockState;Ljava/lang/String;)Lnet/minecraft/world/level/block/state/BlockState;
     109: invokestatic  #97                 // Method writeChange:(Lnet/minecraft/server/level/ServerLevel;Lnet/minecraft/core/BlockPos;Lnet/minecraft/world/level/block/state/BlockState;Lnet/minecraft/world/level/block/state/BlockState;)V
     112: goto          156
     115: aload_3
     116: aload         4
     118: aload         5
     120: aload         5
     122: invokestatic  #101                // Method toggleReverse:(Lnet/minecraft/world/level/block/state/BlockState;)Lnet/minecraft/world/level/block/state/BlockState;
     125: invokestatic  #97                 // Method writeChange:(Lnet/minecraft/server/level/ServerLevel;Lnet/minecraft/core/BlockPos;Lnet/minecraft/world/level/block/state/BlockState;Lnet/minecraft/world/level/block/state/BlockState;)V
     128: aload_3
     129: aload         4
     131: aload         5
     133: aload         5
     135: invokestatic  #85                 // Method cycleLevel:(Lnet/minecraft/world/level/block/state/BlockState;)Lnet/minecraft/world/level/block/state/BlockState;
     138: invokestatic  #97                 // Method writeChange:(Lnet/minecraft/server/level/ServerLevel;Lnet/minecraft/core/BlockPos;Lnet/minecraft/world/level/block/state/BlockState;Lnet/minecraft/world/level/block/state/BlockState;)V
     141: aload_3
     142: aload         4
     144: aload         5
     146: aload         5
     148: ldc           #91                 // String direction
     150: invokestatic  #93                 // Method rotate:(Lnet/minecraft/world/level/block/state/BlockState;Ljava/lang/String;)Lnet/minecraft/world/level/block/state/BlockState;
     153: invokestatic  #97                 // Method writeChange:(Lnet/minecraft/server/level/ServerLevel;Lnet/minecraft/core/BlockPos;Lnet/minecraft/world/level/block/state/BlockState;Lnet/minecraft/world/level/block/state/BlockState;)V
     156: aload         5
     158: getstatic     #104                // Field com/ericchiu/simplerail/registry/ModTags.MACHINES:Lnet/minecraft/tags/TagKey;
     161: invokevirtual #56                 // Method net/minecraft/world/level/block/state/BlockState.is:(Lnet/minecraft/tags/TagKey;)Z
     164: ifeq          195
     167: aload_3
     168: aload         4
     170: aload         5
     172: aload         5
     174: ldc           #107                // String facing
     176: invokestatic  #93                 // Method rotate:(Lnet/minecraft/world/level/block/state/BlockState;Ljava/lang/String;)Lnet/minecraft/world/level/block/state/BlockState;
     179: invokestatic  #97                 // Method writeChange:(Lnet/minecraft/server/level/ServerLevel;Lnet/minecraft/core/BlockPos;Lnet/minecraft/world/level/block/state/BlockState;Lnet/minecraft/world/level/block/state/BlockState;)V
     182: aload_3
     183: aload         4
     185: aload         5
     187: aload         5
     189: invokestatic  #85                 // Method cycleLevel:(Lnet/minecraft/world/level/block/state/BlockState;)Lnet/minecraft/world/level/block/state/BlockState;
     192: invokestatic  #97                 // Method writeChange:(Lnet/minecraft/server/level/ServerLevel;Lnet/minecraft/core/BlockPos;Lnet/minecraft/world/level/block/state/BlockState;Lnet/minecraft/world/level/block/state/BlockState;)V
     195: getstatic     #109                // Field net/minecraft/world/InteractionResult.CONSUME:Lnet/minecraft/world/InteractionResult;
     198: areturn

  private static void writeChange(net.minecraft.server.level.ServerLevel, net.minecraft.core.BlockPos, net.minecraft.world.level.block.state.BlockState, net.minecraft.world.level.block.state.BlockState);
    Code:
       0: aload_3
       1: aload_2
       2: if_acmpeq     13
       5: aload_0
       6: aload_1
       7: aload_3
       8: iconst_3
       9: invokevirtual #114                // Method net/minecraft/server/level/ServerLevel.setBlock:(Lnet/minecraft/core/BlockPos;Lnet/minecraft/world/level/block/state/BlockState;I)Z
      12: pop
      13: return

  private static net.minecraft.world.level.block.state.BlockState toggleReverse(net.minecraft.world.level.block.state.BlockState);
    Code:
       0: aload_0
       1: invokevirtual #79                 // Method net/minecraft/world/level/block/state/BlockState.getBlock:()Lnet/minecraft/world/level/block/Block;
       4: invokevirtual #118                // Method net/minecraft/world/level/block/Block.getStateDefinition:()Lnet/minecraft/world/level/block/state/StateDefinition;
       7: ldc           #122                // String reverse
       9: invokevirtual #124                // Method net/minecraft/world/level/block/state/StateDefinition.getProperty:(Ljava/lang/String;)Lnet/minecraft/world/level/block/state/properties/Property;
      12: astore_1
      13: aload_1
      14: instanceof    #130                // class net/minecraft/world/level/block/state/properties/BooleanProperty
      17: ifeq          56
      20: aload_1
      21: checkcast     #130                // class net/minecraft/world/level/block/state/properties/BooleanProperty
      24: astore_2
      25: aload_0
      26: aload_2
      27: aload_0
      28: aload_2
      29: invokevirtual #132                // Method net/minecraft/world/level/block/state/BlockState.getValue:(Lnet/minecraft/world/level/block/state/properties/Property;)Ljava/lang/Comparable;
      32: checkcast     #136                // class java/lang/Boolean
      35: invokevirtual #138                // Method java/lang/Boolean.booleanValue:()Z
      38: ifne          45
      41: iconst_1
      42: goto          46
      45: iconst_0
      46: invokestatic  #141                // Method java/lang/Boolean.valueOf:(Z)Ljava/lang/Boolean;
      49: invokevirtual #145                // Method net/minecraft/world/level/block/state/BlockState.setValue:(Lnet/minecraft/world/level/block/state/properties/Property;Ljava/lang/Comparable;)Ljava/lang/Object;
      52: checkcast     #57                 // class net/minecraft/world/level/block/state/BlockState
      55: areturn
      56: aload_0
      57: areturn

  private static net.minecraft.world.level.block.state.BlockState cycleLevel(net.minecraft.world.level.block.state.BlockState);
    Code:
       0: aload_0
       1: invokevirtual #79                 // Method net/minecraft/world/level/block/state/BlockState.getBlock:()Lnet/minecraft/world/level/block/Block;
       4: invokevirtual #118                // Method net/minecraft/world/level/block/Block.getStateDefinition:()Lnet/minecraft/world/level/block/state/StateDefinition;
       7: ldc           #149                // String level
       9: invokevirtual #124                // Method net/minecraft/world/level/block/state/StateDefinition.getProperty:(Ljava/lang/String;)Lnet/minecraft/world/level/block/state/properties/Property;
      12: astore_1
      13: aload_1
      14: instanceof    #151                // class net/minecraft/world/level/block/state/properties/IntegerProperty
      17: ifeq          109
      20: aload_1
      21: checkcast     #151                // class net/minecraft/world/level/block/state/properties/IntegerProperty
      24: astore_2
      25: aload_2
      26: invokevirtual #153                // Method net/minecraft/world/level/block/state/properties/IntegerProperty.getPossibleValues:()Ljava/util/Collection;
      29: invokeinterface #157,  1          // InterfaceMethod java/util/Collection.size:()I
      34: bipush        10
      36: if_icmpne     109
      39: aload_2
      40: invokevirtual #153                // Method net/minecraft/world/level/block/state/properties/IntegerProperty.getPossibleValues:()Ljava/util/Collection;
      43: iconst_0
      44: invokestatic  #163                // Method java/lang/Integer.valueOf:(I)Ljava/lang/Integer;
      47: invokeinterface #168,  2          // InterfaceMethod java/util/Collection.contains:(Ljava/lang/Object;)Z
      52: ifeq          109
      55: aload_2
      56: invokevirtual #153                // Method net/minecraft/world/level/block/state/properties/IntegerProperty.getPossibleValues:()Ljava/util/Collection;
      59: bipush        9
      61: invokestatic  #163                // Method java/lang/Integer.valueOf:(I)Ljava/lang/Integer;
      64: invokeinterface #168,  2          // InterfaceMethod java/util/Collection.contains:(Ljava/lang/Object;)Z
      69: ifeq          109
      72: aload_0
      73: aload_2
      74: invokevirtual #132                // Method net/minecraft/world/level/block/state/BlockState.getValue:(Lnet/minecraft/world/level/block/state/properties/Property;)Ljava/lang/Comparable;
      77: checkcast     #164                // class java/lang/Integer
      80: invokevirtual #169                // Method java/lang/Integer.intValue:()I
      83: istore_3
      84: aload_0
      85: aload_2
      86: iload_3
      87: bipush        9
      89: if_icmplt     96
      92: iconst_0
      93: goto          99
      96: iload_3
      97: iconst_1
      98: iadd
      99: invokestatic  #163                // Method java/lang/Integer.valueOf:(I)Ljava/lang/Integer;
     102: invokevirtual #145                // Method net/minecraft/world/level/block/state/BlockState.setValue:(Lnet/minecraft/world/level/block/state/properties/Property;Ljava/lang/Comparable;)Ljava/lang/Object;
     105: checkcast     #57                 // class net/minecraft/world/level/block/state/BlockState
     108: areturn
     109: aload_0
     110: areturn

  private static net.minecraft.world.level.block.state.BlockState rotate(net.minecraft.world.level.block.state.BlockState, java.lang.String);
    Code:
       0: aload_0
       1: invokevirtual #79                 // Method net/minecraft/world/level/block/state/BlockState.getBlock:()Lnet/minecraft/world/level/block/Block;
       4: invokevirtual #118                // Method net/minecraft/world/level/block/Block.getStateDefinition:()Lnet/minecraft/world/level/block/state/StateDefinition;
       7: aload_1
       8: invokevirtual #124                // Method net/minecraft/world/level/block/state/StateDefinition.getProperty:(Ljava/lang/String;)Lnet/minecraft/world/level/block/state/properties/Property;
      11: astore_2
      12: aload_2
      13: instanceof    #172                // class net/minecraft/world/level/block/state/properties/EnumProperty
      16: ifeq          92
      19: aload_2
      20: checkcast     #172                // class net/minecraft/world/level/block/state/properties/EnumProperty
      23: astore_3
      24: aload_3
      25: invokevirtual #174                // Method net/minecraft/world/level/block/state/properties/EnumProperty.getValueClass:()Ljava/lang/Class;
      28: ldc           #178                // class net/minecraft/core/Direction
      30: if_acmpne     92
      33: aload_3
      34: astore        4
      36: aload_0
      37: aload         4
      39: invokevirtual #132                // Method net/minecraft/world/level/block/state/BlockState.getValue:(Lnet/minecraft/world/level/block/state/properties/Property;)Ljava/lang/Comparable;
      42: checkcast     #178                // class net/minecraft/core/Direction
      45: astore        5
      47: aload         5
      49: invokevirtual #180                // Method net/minecraft/core/Direction.getAxis:()Lnet/minecraft/core/Direction$Axis;
      52: invokevirtual #184                // Method net/minecraft/core/Direction$Axis.isHorizontal:()Z
      55: ifeq          92
      58: aload         5
      60: invokevirtual #189                // Method net/minecraft/core/Direction.getClockWise:()Lnet/minecraft/core/Direction;
      63: astore        6
      65: aload         4
      67: invokevirtual #193                // Method net/minecraft/world/level/block/state/properties/Property.getPossibleValues:()Ljava/util/Collection;
      70: aload         6
      72: invokeinterface #168,  2          // InterfaceMethod java/util/Collection.contains:(Ljava/lang/Object;)Z
      77: ifeq          92
      80: aload_0
      81: aload         4
      83: aload         6
      85: invokevirtual #145                // Method net/minecraft/world/level/block/state/BlockState.setValue:(Lnet/minecraft/world/level/block/state/properties/Property;Ljava/lang/Comparable;)Ljava/lang/Object;
      88: checkcast     #57                 // class net/minecraft/world/level/block/state/BlockState
      91: areturn
      92: aload_0
      93: areturn
}
Compiled from "AbstractMinecartMixin.java"
public abstract class com.ericchiu.simplerail.mixin.AbstractMinecartMixin {
  public com.ericchiu.simplerail.mixin.AbstractMinecartMixin();
    Code:
       0: aload_0
       1: invokespecial #1                  // Method java/lang/Object."<init>":()V
       4: return

  private boolean simplerail$coastOnUnpoweredOnewayRail(net.minecraft.world.level.block.PoweredRailBlock, net.minecraft.core.BlockPos, net.minecraft.world.level.block.state.BlockState);
    Code:
       0: aload_1
       1: invokevirtual #7                  // Method net/minecraft/world/level/block/PoweredRailBlock.isActivatorRail:()Z
       4: ifne          30
       7: aload_1
       8: instanceof    #13                 // class com/ericchiu/simplerail/block/OnewayRail
      11: ifeq          34
      14: aload_3
      15: getstatic     #15                 // Field net/minecraft/world/level/block/PoweredRailBlock.POWERED:Lnet/minecraft/world/level/block/state/properties/BooleanProperty;
      18: invokevirtual #19                 // Method net/minecraft/world/level/block/state/BlockState.getValue:(Lnet/minecraft/world/level/block/state/properties/Property;)Ljava/lang/Comparable;
      21: checkcast     #25                 // class java/lang/Boolean
      24: invokevirtual #27                 // Method java/lang/Boolean.booleanValue:()Z
      27: ifne          34
      30: iconst_1
      31: goto          35
      34: iconst_0
      35: ireturn
}
Compiled from "ModBlockEntities.java"
public final class com.ericchiu.simplerail.registry.ModBlockEntities {
  private static final net.neoforged.neoforge.registries.DeferredRegister<net.minecraft.world.level.block.entity.BlockEntityType<?>> TYPES;

  public static final net.neoforged.neoforge.registries.DeferredHolder<net.minecraft.world.level.block.entity.BlockEntityType<?>, net.minecraft.world.level.block.entity.BlockEntityType<com.ericchiu.simplerail.blockentity.TimerHoldingRailBlockEntity>> TIMER_HOLDING_RAIL;

  public static final net.neoforged.neoforge.registries.DeferredHolder<net.minecraft.world.level.block.entity.BlockEntityType<?>, net.minecraft.world.level.block.entity.BlockEntityType<com.ericchiu.simplerail.blockentity.SignalTimerBlockEntity>> SIGNAL_TIMER;

  public static final net.neoforged.neoforge.registries.DeferredHolder<net.minecraft.world.level.block.entity.BlockEntityType<?>, net.minecraft.world.level.block.entity.BlockEntityType<com.ericchiu.simplerail.blockentity.TrainDispenserBlockEntity>> TRAIN_DISPENSER;

  private com.ericchiu.simplerail.registry.ModBlockEntities();
    Code:
       0: aload_0
       1: invokespecial #1                  // Method java/lang/Object."<init>":()V
       4: return

  public static void register(net.neoforged.bus.api.IEventBus);
    Code:
       0: getstatic     #7                  // Field TYPES:Lnet/neoforged/neoforge/registries/DeferredRegister;
       3: aload_0
       4: invokevirtual #13                 // Method net/neoforged/neoforge/registries/DeferredRegister.register:(Lnet/neoforged/bus/api/IEventBus;)V
       7: getstatic     #19                 // Field net/neoforged/neoforge/common/NeoForge.EVENT_BUS:Lnet/neoforged/bus/api/IEventBus;
      10: invokedynamic #25,  0             // InvokeDynamic #0:accept:()Ljava/util/function/Consumer;
      15: invokeinterface #29,  2           // InterfaceMethod net/neoforged/bus/api/IEventBus.addListener:(Ljava/util/function/Consumer;)V
      20: return

  private static void onChunkUnload(net.neoforged.neoforge.event.level.ChunkEvent$Unload);
    Code:
       0: aload_0
       1: invokevirtual #35                 // Method net/neoforged/neoforge/event/level/ChunkEvent$Unload.getChunk:()Lnet/minecraft/world/level/chunk/ChunkAccess;
       4: astore_2
       5: aload_2
       6: instanceof    #41                 // class net/minecraft/world/level/chunk/LevelChunk
       9: ifeq          99
      12: aload_2
      13: checkcast     #41                 // class net/minecraft/world/level/chunk/LevelChunk
      16: astore_1
      17: aload_1
      18: invokevirtual #43                 // Method net/minecraft/world/level/chunk/LevelChunk.getLevel:()Lnet/minecraft/world/level/Level;
      21: getfield      #47                 // Field net/minecraft/world/level/Level.isClientSide:Z
      24: ifne          99
      27: iconst_0
      28: istore_2
      29: aload_1
      30: invokevirtual #53                 // Method net/minecraft/world/level/chunk/LevelChunk.getBlockEntities:()Ljava/util/Map;
      33: invokeinterface #57,  1           // InterfaceMethod java/util/Map.values:()Ljava/util/Collection;
      38: invokeinterface #63,  1           // InterfaceMethod java/util/Collection.iterator:()Ljava/util/Iterator;
      43: astore_3
      44: aload_3
      45: invokeinterface #69,  1           // InterfaceMethod java/util/Iterator.hasNext:()Z
      50: ifeq          90
      53: aload_3
      54: invokeinterface #75,  1           // InterfaceMethod java/util/Iterator.next:()Ljava/lang/Object;
      59: checkcast     #79                 // class net/minecraft/world/level/block/entity/BlockEntity
      62: astore        4
      64: aload         4
      66: instanceof    #81                 // class com/ericchiu/simplerail/blockentity/TimerHoldingRailBlockEntity
      69: ifeq          87
      72: aload         4
      74: checkcast     #81                 // class com/ericchiu/simplerail/blockentity/TimerHoldingRailBlockEntity
      77: astore        5
      79: iload_2
      80: aload         5
      82: invokevirtual #83                 // Method com/ericchiu/simplerail/blockentity/TimerHoldingRailBlockEntity.pauseForUnload:()Z
      85: ior
      86: istore_2
      87: goto          44
      90: iload_2
      91: ifeq          99
      94: aload_1
      95: iconst_1
      96: invokevirtual #86                 // Method net/minecraft/world/level/chunk/LevelChunk.setUnsaved:(Z)V
      99: return

  private static net.minecraft.world.level.block.entity.BlockEntityType lambda$static$2();
    Code:
       0: invokedynamic #90,  0             // InvokeDynamic #1:create:()Lnet/minecraft/world/level/block/entity/BlockEntityType$BlockEntitySupplier;
       5: iconst_1
       6: anewarray     #94                 // class net/minecraft/world/level/block/Block
       9: dup
      10: iconst_0
      11: getstatic     #96                 // Field com/ericchiu/simplerail/registry/ModBlocks.TRAIN_DISPENSER:Lnet/neoforged/neoforge/registries/DeferredBlock;
      14: invokevirtual #102                // Method net/neoforged/neoforge/registries/DeferredBlock.get:()Ljava/lang/Object;
      17: checkcast     #94                 // class net/minecraft/world/level/block/Block
      20: aastore
      21: invokestatic  #107                // Method net/minecraft/world/level/block/entity/BlockEntityType$Builder.of:(Lnet/minecraft/world/level/block/entity/BlockEntityType$BlockEntitySupplier;[Lnet/minecraft/world/level/block/Block;)Lnet/minecraft/world/level/block/entity/BlockEntityType$Builder;
      24: aconst_null
      25: invokevirtual #113                // Method net/minecraft/world/level/block/entity/BlockEntityType$Builder.build:(Lcom/mojang/datafixers/types/Type;)Lnet/minecraft/world/level/block/entity/BlockEntityType;
      28: areturn

  private static net.minecraft.world.level.block.entity.BlockEntityType lambda$static$1();
    Code:
       0: invokedynamic #117,  0            // InvokeDynamic #2:create:()Lnet/minecraft/world/level/block/entity/BlockEntityType$BlockEntitySupplier;
       5: iconst_1
       6: anewarray     #94                 // class net/minecraft/world/level/block/Block
       9: dup
      10: iconst_0
      11: getstatic     #118                // Field com/ericchiu/simplerail/registry/ModBlocks.SIGNAL_TIMER:Lnet/neoforged/neoforge/registries/DeferredBlock;
      14: invokevirtual #102                // Method net/neoforged/neoforge/registries/DeferredBlock.get:()Ljava/lang/Object;
      17: checkcast     #94                 // class net/minecraft/world/level/block/Block
      20: aastore
      21: invokestatic  #107                // Method net/minecraft/world/level/block/entity/BlockEntityType$Builder.of:(Lnet/minecraft/world/level/block/entity/BlockEntityType$BlockEntitySupplier;[Lnet/minecraft/world/level/block/Block;)Lnet/minecraft/world/level/block/entity/BlockEntityType$Builder;
      24: aconst_null
      25: invokevirtual #113                // Method net/minecraft/world/level/block/entity/BlockEntityType$Builder.build:(Lcom/mojang/datafixers/types/Type;)Lnet/minecraft/world/level/block/entity/BlockEntityType;
      28: areturn

  private static net.minecraft.world.level.block.entity.BlockEntityType lambda$static$0();
    Code:
       0: invokedynamic #121,  0            // InvokeDynamic #3:create:()Lnet/minecraft/world/level/block/entity/BlockEntityType$BlockEntitySupplier;
       5: iconst_1
       6: anewarray     #94                 // class net/minecraft/world/level/block/Block
       9: dup
      10: iconst_0
      11: getstatic     #122                // Field com/ericchiu/simplerail/registry/ModBlocks.TIMER_HOLDING_RAIL:Lnet/neoforged/neoforge/registries/DeferredBlock;
      14: invokevirtual #102                // Method net/neoforged/neoforge/registries/DeferredBlock.get:()Ljava/lang/Object;
      17: checkcast     #94                 // class net/minecraft/world/level/block/Block
      20: aastore
      21: invokestatic  #107                // Method net/minecraft/world/level/block/entity/BlockEntityType$Builder.of:(Lnet/minecraft/world/level/block/entity/BlockEntityType$BlockEntitySupplier;[Lnet/minecraft/world/level/block/Block;)Lnet/minecraft/world/level/block/entity/BlockEntityType$Builder;
      24: aconst_null
      25: invokevirtual #113                // Method net/minecraft/world/level/block/entity/BlockEntityType$Builder.build:(Lcom/mojang/datafixers/types/Type;)Lnet/minecraft/world/level/block/entity/BlockEntityType;
      28: areturn

  static {};
    Code:
       0: getstatic     #125                // Field net/minecraft/core/registries/Registries.BLOCK_ENTITY_TYPE:Lnet/minecraft/resources/ResourceKey;
       3: ldc           #133                // String simplerail
       5: invokestatic  #135                // Method net/neoforged/neoforge/registries/DeferredRegister.create:(Lnet/minecraft/resources/ResourceKey;Ljava/lang/String;)Lnet/neoforged/neoforge/registries/DeferredRegister;
       8: putstatic     #7                  // Field TYPES:Lnet/neoforged/neoforge/registries/DeferredRegister;
      11: getstatic     #7                  // Field TYPES:Lnet/neoforged/neoforge/registries/DeferredRegister;
      14: ldc           #138                // String timer_holding_rail
      16: invokedynamic #140,  0            // InvokeDynamic #4:get:()Ljava/util/function/Supplier;
      21: invokevirtual #143                // Method net/neoforged/neoforge/registries/DeferredRegister.register:(Ljava/lang/String;Ljava/util/function/Supplier;)Lnet/neoforged/neoforge/registries/DeferredHolder;
      24: putstatic     #146                // Field TIMER_HOLDING_RAIL:Lnet/neoforged/neoforge/registries/DeferredHolder;
      27: getstatic     #7                  // Field TYPES:Lnet/neoforged/neoforge/registries/DeferredRegister;
      30: ldc           #149                // String signal_timer
      32: invokedynamic #151,  0            // InvokeDynamic #5:get:()Ljava/util/function/Supplier;
      37: invokevirtual #143                // Method net/neoforged/neoforge/registries/DeferredRegister.register:(Ljava/lang/String;Ljava/util/function/Supplier;)Lnet/neoforged/neoforge/registries/DeferredHolder;
      40: putstatic     #152                // Field SIGNAL_TIMER:Lnet/neoforged/neoforge/registries/DeferredHolder;
      43: getstatic     #7                  // Field TYPES:Lnet/neoforged/neoforge/registries/DeferredRegister;
      46: ldc           #154                // String train_dispenser
      48: invokedynamic #156,  0            // InvokeDynamic #6:get:()Ljava/util/function/Supplier;
      53: invokevirtual #143                // Method net/neoforged/neoforge/registries/DeferredRegister.register:(Ljava/lang/String;Ljava/util/function/Supplier;)Lnet/neoforged/neoforge/registries/DeferredHolder;
      56: putstatic     #157                // Field TRAIN_DISPENSER:Lnet/neoforged/neoforge/registries/DeferredHolder;
      59: return
}
Compiled from "ModBlocks.java"
public final class com.ericchiu.simplerail.registry.ModBlocks {
  private static final net.neoforged.neoforge.registries.DeferredRegister$Blocks BLOCKS;

  public static final net.neoforged.neoforge.registries.DeferredBlock<com.ericchiu.simplerail.block.HighSpeedRail> HIGH_SPEED_RAIL;

  public static final net.neoforged.neoforge.registries.DeferredBlock<com.ericchiu.simplerail.block.HoldingRail> HOLDING_RAIL;

  public static final net.neoforged.neoforge.registries.DeferredBlock<com.ericchiu.simplerail.block.OnewayRail> ONEWAY_RAIL;

  public static final net.neoforged.neoforge.registries.DeferredBlock<com.ericchiu.simplerail.block.EjectRail> EJECT_RAIL;

  public static final net.neoforged.neoforge.registries.DeferredBlock<com.ericchiu.simplerail.block.DestoryRail> DESTORY_RAIL;

  public static final net.neoforged.neoforge.registries.DeferredBlock<com.ericchiu.simplerail.block.TimerHoldingRail> TIMER_HOLDING_RAIL;

  public static final net.neoforged.neoforge.registries.DeferredBlock<net.minecraft.world.level.block.Block> CROSS_RAIL;

  public static final net.neoforged.neoforge.registries.DeferredBlock<net.minecraft.world.level.block.Block> Y_CROSS_RAIL;

  public static final net.neoforged.neoforge.registries.DeferredBlock<net.minecraft.world.level.block.Block> Y_CROSS_RIGHT_RAIL;

  public static final net.neoforged.neoforge.registries.DeferredBlock<com.ericchiu.simplerail.block.TrainDispenserBlock> TRAIN_DISPENSER;

  public static final net.neoforged.neoforge.registries.DeferredBlock<com.ericchiu.simplerail.block.SignalTimerBlock> SIGNAL_TIMER;

  private com.ericchiu.simplerail.registry.ModBlocks();
    Code:
       0: aload_0
       1: invokespecial #1                  // Method java/lang/Object."<init>":()V
       4: return

  private static net.minecraft.world.level.block.state.BlockBehaviour$Properties railProperties();
    Code:
       0: invokestatic  #7                  // Method net/minecraft/world/level/block/state/BlockBehaviour$Properties.of:()Lnet/minecraft/world/level/block/state/BlockBehaviour$Properties;
       3: invokevirtual #13                 // Method net/minecraft/world/level/block/state/BlockBehaviour$Properties.noCollission:()Lnet/minecraft/world/level/block/state/BlockBehaviour$Properties;
       6: ldc           #16                 // float 0.7f
       8: invokevirtual #17                 // Method net/minecraft/world/level/block/state/BlockBehaviour$Properties.strength:(F)Lnet/minecraft/world/level/block/state/BlockBehaviour$Properties;
      11: getstatic     #21                 // Field net/minecraft/world/level/block/SoundType.METAL:Lnet/minecraft/world/level/block/SoundType;
      14: invokevirtual #27                 // Method net/minecraft/world/level/block/state/BlockBehaviour$Properties.sound:(Lnet/minecraft/world/level/block/SoundType;)Lnet/minecraft/world/level/block/state/BlockBehaviour$Properties;
      17: areturn

  private static net.minecraft.world.level.block.state.BlockBehaviour$Properties machineProperties();
    Code:
       0: invokestatic  #7                  // Method net/minecraft/world/level/block/state/BlockBehaviour$Properties.of:()Lnet/minecraft/world/level/block/state/BlockBehaviour$Properties;
       3: ldc           #31                 // float 5.0f
       5: ldc           #32                 // float 6.0f
       7: invokevirtual #33                 // Method net/minecraft/world/level/block/state/BlockBehaviour$Properties.strength:(FF)Lnet/minecraft/world/level/block/state/BlockBehaviour$Properties;
      10: getstatic     #21                 // Field net/minecraft/world/level/block/SoundType.METAL:Lnet/minecraft/world/level/block/SoundType;
      13: invokevirtual #27                 // Method net/minecraft/world/level/block/state/BlockBehaviour$Properties.sound:(Lnet/minecraft/world/level/block/SoundType;)Lnet/minecraft/world/level/block/state/BlockBehaviour$Properties;
      16: areturn

  public static void register(net.neoforged.bus.api.IEventBus);
    Code:
       0: getstatic     #36                 // Field BLOCKS:Lnet/neoforged/neoforge/registries/DeferredRegister$Blocks;
       3: aload_0
       4: invokevirtual #42                 // Method net/neoforged/neoforge/registries/DeferredRegister$Blocks.register:(Lnet/neoforged/bus/api/IEventBus;)V
       7: return

  static {};
    Code:
       0: ldc           #50                 // String simplerail
       2: invokestatic  #52                 // Method net/neoforged/neoforge/registries/DeferredRegister.createBlocks:(Ljava/lang/String;)Lnet/neoforged/neoforge/registries/DeferredRegister$Blocks;
       5: putstatic     #36                 // Field BLOCKS:Lnet/neoforged/neoforge/registries/DeferredRegister$Blocks;
       8: getstatic     #36                 // Field BLOCKS:Lnet/neoforged/neoforge/registries/DeferredRegister$Blocks;
      11: ldc           #58                 // String high_speed_rail
      13: invokedynamic #60,  0             // InvokeDynamic #0:apply:()Ljava/util/function/Function;
      18: invokestatic  #64                 // Method railProperties:()Lnet/minecraft/world/level/block/state/BlockBehaviour$Properties;
      21: invokevirtual #67                 // Method net/neoforged/neoforge/registries/DeferredRegister$Blocks.registerBlock:(Ljava/lang/String;Ljava/util/function/Function;Lnet/minecraft/world/level/block/state/BlockBehaviour$Properties;)Lnet/neoforged/neoforge/registries/DeferredBlock;
      24: putstatic     #71                 // Field HIGH_SPEED_RAIL:Lnet/neoforged/neoforge/registries/DeferredBlock;
      27: getstatic     #36                 // Field BLOCKS:Lnet/neoforged/neoforge/registries/DeferredRegister$Blocks;
      30: ldc           #75                 // String holding_rail
      32: invokedynamic #77,  0             // InvokeDynamic #1:apply:()Ljava/util/function/Function;
      37: invokestatic  #64                 // Method railProperties:()Lnet/minecraft/world/level/block/state/BlockBehaviour$Properties;
      40: invokevirtual #67                 // Method net/neoforged/neoforge/registries/DeferredRegister$Blocks.registerBlock:(Ljava/lang/String;Ljava/util/function/Function;Lnet/minecraft/world/level/block/state/BlockBehaviour$Properties;)Lnet/neoforged/neoforge/registries/DeferredBlock;
      43: putstatic     #78                 // Field HOLDING_RAIL:Lnet/neoforged/neoforge/registries/DeferredBlock;
      46: getstatic     #36                 // Field BLOCKS:Lnet/neoforged/neoforge/registries/DeferredRegister$Blocks;
      49: ldc           #81                 // String oneway_rail
      51: invokedynamic #83,  0             // InvokeDynamic #2:apply:()Ljava/util/function/Function;
      56: invokestatic  #64                 // Method railProperties:()Lnet/minecraft/world/level/block/state/BlockBehaviour$Properties;
      59: invokevirtual #67                 // Method net/neoforged/neoforge/registries/DeferredRegister$Blocks.registerBlock:(Ljava/lang/String;Ljava/util/function/Function;Lnet/minecraft/world/level/block/state/BlockBehaviour$Properties;)Lnet/neoforged/neoforge/registries/DeferredBlock;
      62: putstatic     #84                 // Field ONEWAY_RAIL:Lnet/neoforged/neoforge/registries/DeferredBlock;
      65: getstatic     #36                 // Field BLOCKS:Lnet/neoforged/neoforge/registries/DeferredRegister$Blocks;
      68: ldc           #87                 // String eject_rail
      70: invokedynamic #89,  0             // InvokeDynamic #3:apply:()Ljava/util/function/Function;
      75: invokestatic  #64                 // Method railProperties:()Lnet/minecraft/world/level/block/state/BlockBehaviour$Properties;
      78: invokevirtual #67                 // Method net/neoforged/neoforge/registries/DeferredRegister$Blocks.registerBlock:(Ljava/lang/String;Ljava/util/function/Function;Lnet/minecraft/world/level/block/state/BlockBehaviour$Properties;)Lnet/neoforged/neoforge/registries/DeferredBlock;
      81: putstatic     #90                 // Field EJECT_RAIL:Lnet/neoforged/neoforge/registries/DeferredBlock;
      84: getstatic     #36                 // Field BLOCKS:Lnet/neoforged/neoforge/registries/DeferredRegister$Blocks;
      87: ldc           #93                 // String destory_rail
      89: invokedynamic #95,  0             // InvokeDynamic #4:apply:()Ljava/util/function/Function;
      94: invokestatic  #64                 // Method railProperties:()Lnet/minecraft/world/level/block/state/BlockBehaviour$Properties;
      97: invokevirtual #67                 // Method net/neoforged/neoforge/registries/DeferredRegister$Blocks.registerBlock:(Ljava/lang/String;Ljava/util/function/Function;Lnet/minecraft/world/level/block/state/BlockBehaviour$Properties;)Lnet/neoforged/neoforge/registries/DeferredBlock;
     100: putstatic     #96                 // Field DESTORY_RAIL:Lnet/neoforged/neoforge/registries/DeferredBlock;
     103: getstatic     #36                 // Field BLOCKS:Lnet/neoforged/neoforge/registries/DeferredRegister$Blocks;
     106: ldc           #99                 // String timer_holding_rail
     108: invokedynamic #101,  0            // InvokeDynamic #5:apply:()Ljava/util/function/Function;
     113: invokestatic  #64                 // Method railProperties:()Lnet/minecraft/world/level/block/state/BlockBehaviour$Properties;
     116: invokevirtual #67                 // Method net/neoforged/neoforge/registries/DeferredRegister$Blocks.registerBlock:(Ljava/lang/String;Ljava/util/function/Function;Lnet/minecraft/world/level/block/state/BlockBehaviour$Properties;)Lnet/neoforged/neoforge/registries/DeferredBlock;
     119: putstatic     #102                // Field TIMER_HOLDING_RAIL:Lnet/neoforged/neoforge/registries/DeferredBlock;
     122: getstatic     #36                 // Field BLOCKS:Lnet/neoforged/neoforge/registries/DeferredRegister$Blocks;
     125: ldc           #105                // String cross_rail
     127: invokestatic  #64                 // Method railProperties:()Lnet/minecraft/world/level/block/state/BlockBehaviour$Properties;
     130: invokevirtual #107                // Method net/neoforged/neoforge/registries/DeferredRegister$Blocks.registerSimpleBlock:(Ljava/lang/String;Lnet/minecraft/world/level/block/state/BlockBehaviour$Properties;)Lnet/neoforged/neoforge/registries/DeferredBlock;
     133: putstatic     #111                // Field CROSS_RAIL:Lnet/neoforged/neoforge/registries/DeferredBlock;
     136: getstatic     #36                 // Field BLOCKS:Lnet/neoforged/neoforge/registries/DeferredRegister$Blocks;
     139: ldc           #114                // String y_cross_rail
     141: invokestatic  #64                 // Method railProperties:()Lnet/minecraft/world/level/block/state/BlockBehaviour$Properties;
     144: invokevirtual #107                // Method net/neoforged/neoforge/registries/DeferredRegister$Blocks.registerSimpleBlock:(Ljava/lang/String;Lnet/minecraft/world/level/block/state/BlockBehaviour$Properties;)Lnet/neoforged/neoforge/registries/DeferredBlock;
     147: putstatic     #116                // Field Y_CROSS_RAIL:Lnet/neoforged/neoforge/registries/DeferredBlock;
     150: getstatic     #36                 // Field BLOCKS:Lnet/neoforged/neoforge/registries/DeferredRegister$Blocks;
     153: ldc           #119                // String y_cross_right_rail
     155: invokestatic  #64                 // Method railProperties:()Lnet/minecraft/world/level/block/state/BlockBehaviour$Properties;
     158: invokevirtual #107                // Method net/neoforged/neoforge/registries/DeferredRegister$Blocks.registerSimpleBlock:(Ljava/lang/String;Lnet/minecraft/world/level/block/state/BlockBehaviour$Properties;)Lnet/neoforged/neoforge/registries/DeferredBlock;
     161: putstatic     #121                // Field Y_CROSS_RIGHT_RAIL:Lnet/neoforged/neoforge/registries/DeferredBlock;
     164: getstatic     #36                 // Field BLOCKS:Lnet/neoforged/neoforge/registries/DeferredRegister$Blocks;
     167: ldc           #124                // String train_dispenser
     169: invokedynamic #126,  0            // InvokeDynamic #6:apply:()Ljava/util/function/Function;
     174: invokestatic  #127                // Method machineProperties:()Lnet/minecraft/world/level/block/state/BlockBehaviour$Properties;
     177: invokevirtual #67                 // Method net/neoforged/neoforge/registries/DeferredRegister$Blocks.registerBlock:(Ljava/lang/String;Ljava/util/function/Function;Lnet/minecraft/world/level/block/state/BlockBehaviour$Properties;)Lnet/neoforged/neoforge/registries/DeferredBlock;
     180: putstatic     #130                // Field TRAIN_DISPENSER:Lnet/neoforged/neoforge/registries/DeferredBlock;
     183: getstatic     #36                 // Field BLOCKS:Lnet/neoforged/neoforge/registries/DeferredRegister$Blocks;
     186: ldc           #133                // String signal_timer
     188: invokedynamic #135,  0            // InvokeDynamic #7:apply:()Ljava/util/function/Function;
     193: invokestatic  #127                // Method machineProperties:()Lnet/minecraft/world/level/block/state/BlockBehaviour$Properties;
     196: invokevirtual #67                 // Method net/neoforged/neoforge/registries/DeferredRegister$Blocks.registerBlock:(Ljava/lang/String;Ljava/util/function/Function;Lnet/minecraft/world/level/block/state/BlockBehaviour$Properties;)Lnet/neoforged/neoforge/registries/DeferredBlock;
     199: putstatic     #136                // Field SIGNAL_TIMER:Lnet/neoforged/neoforge/registries/DeferredBlock;
     202: return
}
Compiled from "ModCreativeTabs.java"
public final class com.ericchiu.simplerail.registry.ModCreativeTabs {
  private static final net.neoforged.neoforge.registries.DeferredRegister<net.minecraft.world.item.CreativeModeTab> TABS;

  public static final net.neoforged.neoforge.registries.DeferredHolder<net.minecraft.world.item.CreativeModeTab, net.minecraft.world.item.CreativeModeTab> RAIL;

  private com.ericchiu.simplerail.registry.ModCreativeTabs();
    Code:
       0: aload_0
       1: invokespecial #1                  // Method java/lang/Object."<init>":()V
       4: return

  public static void register(net.neoforged.bus.api.IEventBus);
    Code:
       0: getstatic     #7                  // Field TABS:Lnet/neoforged/neoforge/registries/DeferredRegister;
       3: aload_0
       4: invokevirtual #13                 // Method net/neoforged/neoforge/registries/DeferredRegister.register:(Lnet/neoforged/bus/api/IEventBus;)V
       7: return

  private static net.minecraft.world.item.CreativeModeTab lambda$static$2();
    Code:
       0: invokestatic  #19                 // Method net/minecraft/world/item/CreativeModeTab.builder:()Lnet/minecraft/world/item/CreativeModeTab$Builder;
       3: ldc           #25                 // String itemGroup.simplerail.tab
       5: invokestatic  #27                 // InterfaceMethod net/minecraft/network/chat/Component.translatable:(Ljava/lang/String;)Lnet/minecraft/network/chat/MutableComponent;
       8: invokevirtual #33                 // Method net/minecraft/world/item/CreativeModeTab$Builder.title:(Lnet/minecraft/network/chat/Component;)Lnet/minecraft/world/item/CreativeModeTab$Builder;
      11: invokedynamic #39,  0             // InvokeDynamic #0:get:()Ljava/util/function/Supplier;
      16: invokevirtual #43                 // Method net/minecraft/world/item/CreativeModeTab$Builder.icon:(Ljava/util/function/Supplier;)Lnet/minecraft/world/item/CreativeModeTab$Builder;
      19: invokedynamic #47,  0             // InvokeDynamic #1:accept:()Lnet/minecraft/world/item/CreativeModeTab$DisplayItemsGenerator;
      24: invokevirtual #51                 // Method net/minecraft/world/item/CreativeModeTab$Builder.displayItems:(Lnet/minecraft/world/item/CreativeModeTab$DisplayItemsGenerator;)Lnet/minecraft/world/item/CreativeModeTab$Builder;
      27: invokevirtual #55                 // Method net/minecraft/world/item/CreativeModeTab$Builder.build:()Lnet/minecraft/world/item/CreativeModeTab;
      30: areturn

  private static void lambda$static$1(net.minecraft.world.item.CreativeModeTab$ItemDisplayParameters, net.minecraft.world.item.CreativeModeTab$Output);
    Code:
       0: aload_1
       1: getstatic     #59                 // Field com/ericchiu/simplerail/registry/ModItems.WRENCH:Lnet/neoforged/neoforge/registries/DeferredItem;
       4: invokevirtual #65                 // Method net/neoforged/neoforge/registries/DeferredItem.get:()Ljava/lang/Object;
       7: checkcast     #70                 // class net/minecraft/world/level/ItemLike
      10: invokeinterface #72,  2           // InterfaceMethod net/minecraft/world/item/CreativeModeTab$Output.accept:(Lnet/minecraft/world/level/ItemLike;)V
      15: aload_1
      16: getstatic     #77                 // Field com/ericchiu/simplerail/registry/ModItems.LOCOMOTIVE_CART:Lnet/neoforged/neoforge/registries/DeferredItem;
      19: invokevirtual #65                 // Method net/neoforged/neoforge/registries/DeferredItem.get:()Ljava/lang/Object;
      22: checkcast     #70                 // class net/minecraft/world/level/ItemLike
      25: invokeinterface #72,  2           // InterfaceMethod net/minecraft/world/item/CreativeModeTab$Output.accept:(Lnet/minecraft/world/level/ItemLike;)V
      30: aload_1
      31: getstatic     #80                 // Field com/ericchiu/simplerail/registry/ModItems.HIGH_SPEED_RAIL:Lnet/neoforged/neoforge/registries/DeferredItem;
      34: invokevirtual #65                 // Method net/neoforged/neoforge/registries/DeferredItem.get:()Ljava/lang/Object;
      37: checkcast     #70                 // class net/minecraft/world/level/ItemLike
      40: invokeinterface #72,  2           // InterfaceMethod net/minecraft/world/item/CreativeModeTab$Output.accept:(Lnet/minecraft/world/level/ItemLike;)V
      45: aload_1
      46: getstatic     #83                 // Field com/ericchiu/simplerail/registry/ModItems.HOLDING_RAIL:Lnet/neoforged/neoforge/registries/DeferredItem;
      49: invokevirtual #65                 // Method net/neoforged/neoforge/registries/DeferredItem.get:()Ljava/lang/Object;
      52: checkcast     #70                 // class net/minecraft/world/level/ItemLike
      55: invokeinterface #72,  2           // InterfaceMethod net/minecraft/world/item/CreativeModeTab$Output.accept:(Lnet/minecraft/world/level/ItemLike;)V
      60: aload_1
      61: getstatic     #86                 // Field com/ericchiu/simplerail/registry/ModItems.ONEWAY_RAIL:Lnet/neoforged/neoforge/registries/DeferredItem;
      64: invokevirtual #65                 // Method net/neoforged/neoforge/registries/DeferredItem.get:()Ljava/lang/Object;
      67: checkcast     #70                 // class net/minecraft/world/level/ItemLike
      70: invokeinterface #72,  2           // InterfaceMethod net/minecraft/world/item/CreativeModeTab$Output.accept:(Lnet/minecraft/world/level/ItemLike;)V
      75: aload_1
      76: getstatic     #89                 // Field com/ericchiu/simplerail/registry/ModItems.EJECT_RAIL:Lnet/neoforged/neoforge/registries/DeferredItem;
      79: invokevirtual #65                 // Method net/neoforged/neoforge/registries/DeferredItem.get:()Ljava/lang/Object;
      82: checkcast     #70                 // class net/minecraft/world/level/ItemLike
      85: invokeinterface #72,  2           // InterfaceMethod net/minecraft/world/item/CreativeModeTab$Output.accept:(Lnet/minecraft/world/level/ItemLike;)V
      90: aload_1
      91: getstatic     #92                 // Field com/ericchiu/simplerail/registry/ModItems.DESTORY_RAIL:Lnet/neoforged/neoforge/registries/DeferredItem;
      94: invokevirtual #65                 // Method net/neoforged/neoforge/registries/DeferredItem.get:()Ljava/lang/Object;
      97: checkcast     #70                 // class net/minecraft/world/level/ItemLike
     100: invokeinterface #72,  2           // InterfaceMethod net/minecraft/world/item/CreativeModeTab$Output.accept:(Lnet/minecraft/world/level/ItemLike;)V
     105: aload_1
     106: getstatic     #95                 // Field com/ericchiu/simplerail/registry/ModItems.TIMER_HOLDING_RAIL:Lnet/neoforged/neoforge/registries/DeferredItem;
     109: invokevirtual #65                 // Method net/neoforged/neoforge/registries/DeferredItem.get:()Ljava/lang/Object;
     112: checkcast     #70                 // class net/minecraft/world/level/ItemLike
     115: invokeinterface #72,  2           // InterfaceMethod net/minecraft/world/item/CreativeModeTab$Output.accept:(Lnet/minecraft/world/level/ItemLike;)V
     120: aload_1
     121: getstatic     #98                 // Field com/ericchiu/simplerail/registry/ModItems.CROSS_RAIL:Lnet/neoforged/neoforge/registries/DeferredItem;
     124: invokevirtual #65                 // Method net/neoforged/neoforge/registries/DeferredItem.get:()Ljava/lang/Object;
     127: checkcast     #70                 // class net/minecraft/world/level/ItemLike
     130: invokeinterface #72,  2           // InterfaceMethod net/minecraft/world/item/CreativeModeTab$Output.accept:(Lnet/minecraft/world/level/ItemLike;)V
     135: aload_1
     136: getstatic     #101                // Field com/ericchiu/simplerail/registry/ModItems.Y_CROSS_RAIL:Lnet/neoforged/neoforge/registries/DeferredItem;
     139: invokevirtual #65                 // Method net/neoforged/neoforge/registries/DeferredItem.get:()Ljava/lang/Object;
     142: checkcast     #70                 // class net/minecraft/world/level/ItemLike
     145: invokeinterface #72,  2           // InterfaceMethod net/minecraft/world/item/CreativeModeTab$Output.accept:(Lnet/minecraft/world/level/ItemLike;)V
     150: aload_1
     151: getstatic     #104                // Field com/ericchiu/simplerail/registry/ModItems.Y_CROSS_RIGHT_RAIL:Lnet/neoforged/neoforge/registries/DeferredItem;
     154: invokevirtual #65                 // Method net/neoforged/neoforge/registries/DeferredItem.get:()Ljava/lang/Object;
     157: checkcast     #70                 // class net/minecraft/world/level/ItemLike
     160: invokeinterface #72,  2           // InterfaceMethod net/minecraft/world/item/CreativeModeTab$Output.accept:(Lnet/minecraft/world/level/ItemLike;)V
     165: aload_1
     166: getstatic     #107                // Field com/ericchiu/simplerail/registry/ModItems.TRAIN_DISPENSER:Lnet/neoforged/neoforge/registries/DeferredItem;
     169: invokevirtual #65                 // Method net/neoforged/neoforge/registries/DeferredItem.get:()Ljava/lang/Object;
     172: checkcast     #70                 // class net/minecraft/world/level/ItemLike
     175: invokeinterface #72,  2           // InterfaceMethod net/minecraft/world/item/CreativeModeTab$Output.accept:(Lnet/minecraft/world/level/ItemLike;)V
     180: aload_1
     181: getstatic     #110                // Field com/ericchiu/simplerail/registry/ModItems.SIGNAL_TIMER:Lnet/neoforged/neoforge/registries/DeferredItem;
     184: invokevirtual #65                 // Method net/neoforged/neoforge/registries/DeferredItem.get:()Ljava/lang/Object;
     187: checkcast     #70                 // class net/minecraft/world/level/ItemLike
     190: invokeinterface #72,  2           // InterfaceMethod net/minecraft/world/item/CreativeModeTab$Output.accept:(Lnet/minecraft/world/level/ItemLike;)V
     195: return

  private static net.minecraft.world.item.ItemStack lambda$static$0();
    Code:
       0: getstatic     #80                 // Field com/ericchiu/simplerail/registry/ModItems.HIGH_SPEED_RAIL:Lnet/neoforged/neoforge/registries/DeferredItem;
       3: invokevirtual #65                 // Method net/neoforged/neoforge/registries/DeferredItem.get:()Ljava/lang/Object;
       6: checkcast     #113                // class net/minecraft/world/item/BlockItem
       9: invokevirtual #115                // Method net/minecraft/world/item/BlockItem.getDefaultInstance:()Lnet/minecraft/world/item/ItemStack;
      12: areturn

  static {};
    Code:
       0: getstatic     #119                // Field net/minecraft/core/registries/Registries.CREATIVE_MODE_TAB:Lnet/minecraft/resources/ResourceKey;
       3: ldc           #127                // String simplerail
       5: invokestatic  #129                // Method net/neoforged/neoforge/registries/DeferredRegister.create:(Lnet/minecraft/resources/ResourceKey;Ljava/lang/String;)Lnet/neoforged/neoforge/registries/DeferredRegister;
       8: putstatic     #7                  // Field TABS:Lnet/neoforged/neoforge/registries/DeferredRegister;
      11: getstatic     #7                  // Field TABS:Lnet/neoforged/neoforge/registries/DeferredRegister;
      14: ldc           #133                // String tab
      16: invokedynamic #135,  0            // InvokeDynamic #2:get:()Ljava/util/function/Supplier;
      21: invokevirtual #136                // Method net/neoforged/neoforge/registries/DeferredRegister.register:(Ljava/lang/String;Ljava/util/function/Supplier;)Lnet/neoforged/neoforge/registries/DeferredHolder;
      24: putstatic     #139                // Field RAIL:Lnet/neoforged/neoforge/registries/DeferredHolder;
      27: return
}
Compiled from "ModItems.java"
public final class com.ericchiu.simplerail.registry.ModItems {
  private static final net.neoforged.neoforge.registries.DeferredRegister$Items ITEMS;

  public static final net.neoforged.neoforge.registries.DeferredItem<com.ericchiu.simplerail.item.Wrench> WRENCH;

  public static final net.neoforged.neoforge.registries.DeferredItem<net.minecraft.world.item.Item> LOCOMOTIVE_CART;

  public static final net.neoforged.neoforge.registries.DeferredItem<net.minecraft.world.item.BlockItem> HIGH_SPEED_RAIL;

  public static final net.neoforged.neoforge.registries.DeferredItem<net.minecraft.world.item.BlockItem> HOLDING_RAIL;

  public static final net.neoforged.neoforge.registries.DeferredItem<net.minecraft.world.item.BlockItem> ONEWAY_RAIL;

  public static final net.neoforged.neoforge.registries.DeferredItem<net.minecraft.world.item.BlockItem> EJECT_RAIL;

  public static final net.neoforged.neoforge.registries.DeferredItem<net.minecraft.world.item.BlockItem> DESTORY_RAIL;

  public static final net.neoforged.neoforge.registries.DeferredItem<net.minecraft.world.item.BlockItem> TIMER_HOLDING_RAIL;

  public static final net.neoforged.neoforge.registries.DeferredItem<net.minecraft.world.item.BlockItem> CROSS_RAIL;

  public static final net.neoforged.neoforge.registries.DeferredItem<net.minecraft.world.item.BlockItem> Y_CROSS_RAIL;

  public static final net.neoforged.neoforge.registries.DeferredItem<net.minecraft.world.item.BlockItem> Y_CROSS_RIGHT_RAIL;

  public static final net.neoforged.neoforge.registries.DeferredItem<net.minecraft.world.item.BlockItem> TRAIN_DISPENSER;

  public static final net.neoforged.neoforge.registries.DeferredItem<net.minecraft.world.item.BlockItem> SIGNAL_TIMER;

  private com.ericchiu.simplerail.registry.ModItems();
    Code:
       0: aload_0
       1: invokespecial #1                  // Method java/lang/Object."<init>":()V
       4: return

  public static void register(net.neoforged.bus.api.IEventBus);
    Code:
       0: getstatic     #7                  // Field ITEMS:Lnet/neoforged/neoforge/registries/DeferredRegister$Items;
       3: aload_0
       4: invokevirtual #13                 // Method net/neoforged/neoforge/registries/DeferredRegister$Items.register:(Lnet/neoforged/bus/api/IEventBus;)V
       7: return

  static {};
    Code:
       0: ldc           #21                 // String simplerail
       2: invokestatic  #23                 // Method net/neoforged/neoforge/registries/DeferredRegister.createItems:(Ljava/lang/String;)Lnet/neoforged/neoforge/registries/DeferredRegister$Items;
       5: putstatic     #7                  // Field ITEMS:Lnet/neoforged/neoforge/registries/DeferredRegister$Items;
       8: getstatic     #7                  // Field ITEMS:Lnet/neoforged/neoforge/registries/DeferredRegister$Items;
      11: ldc           #29                 // String wrench
      13: invokedynamic #31,  0             // InvokeDynamic #0:apply:()Ljava/util/function/Function;
      18: new           #35                 // class net/minecraft/world/item/Item$Properties
      21: dup
      22: invokespecial #37                 // Method net/minecraft/world/item/Item$Properties."<init>":()V
      25: iconst_1
      26: invokevirtual #38                 // Method net/minecraft/world/item/Item$Properties.stacksTo:(I)Lnet/minecraft/world/item/Item$Properties;
      29: getstatic     #42                 // Field net/minecraft/world/item/Rarity.COMMON:Lnet/minecraft/world/item/Rarity;
      32: invokevirtual #48                 // Method net/minecraft/world/item/Item$Properties.rarity:(Lnet/minecraft/world/item/Rarity;)Lnet/minecraft/world/item/Item$Properties;
      35: invokevirtual #52                 // Method net/minecraft/world/item/Item$Properties.fireResistant:()Lnet/minecraft/world/item/Item$Properties;
      38: invokevirtual #56                 // Method net/neoforged/neoforge/registries/DeferredRegister$Items.registerItem:(Ljava/lang/String;Ljava/util/function/Function;Lnet/minecraft/world/item/Item$Properties;)Lnet/neoforged/neoforge/registries/DeferredItem;
      41: putstatic     #60                 // Field WRENCH:Lnet/neoforged/neoforge/registries/DeferredItem;
      44: getstatic     #7                  // Field ITEMS:Lnet/neoforged/neoforge/registries/DeferredRegister$Items;
      47: ldc           #64                 // String locomotive_cart
      49: new           #35                 // class net/minecraft/world/item/Item$Properties
      52: dup
      53: invokespecial #37                 // Method net/minecraft/world/item/Item$Properties."<init>":()V
      56: bipush        64
      58: invokevirtual #38                 // Method net/minecraft/world/item/Item$Properties.stacksTo:(I)Lnet/minecraft/world/item/Item$Properties;
      61: getstatic     #66                 // Field net/minecraft/world/item/Rarity.UNCOMMON:Lnet/minecraft/world/item/Rarity;
      64: invokevirtual #48                 // Method net/minecraft/world/item/Item$Properties.rarity:(Lnet/minecraft/world/item/Rarity;)Lnet/minecraft/world/item/Item$Properties;
      67: invokevirtual #52                 // Method net/minecraft/world/item/Item$Properties.fireResistant:()Lnet/minecraft/world/item/Item$Properties;
      70: invokevirtual #69                 // Method net/neoforged/neoforge/registries/DeferredRegister$Items.registerSimpleItem:(Ljava/lang/String;Lnet/minecraft/world/item/Item$Properties;)Lnet/neoforged/neoforge/registries/DeferredItem;
      73: putstatic     #73                 // Field LOCOMOTIVE_CART:Lnet/neoforged/neoforge/registries/DeferredItem;
      76: getstatic     #7                  // Field ITEMS:Lnet/neoforged/neoforge/registries/DeferredRegister$Items;
      79: ldc           #76                 // String high_speed_rail
      81: getstatic     #78                 // Field com/ericchiu/simplerail/registry/ModBlocks.HIGH_SPEED_RAIL:Lnet/neoforged/neoforge/registries/DeferredBlock;
      84: invokevirtual #84                 // Method net/neoforged/neoforge/registries/DeferredRegister$Items.registerSimpleBlockItem:(Ljava/lang/String;Ljava/util/function/Supplier;)Lnet/neoforged/neoforge/registries/DeferredItem;
      87: putstatic     #88                 // Field HIGH_SPEED_RAIL:Lnet/neoforged/neoforge/registries/DeferredItem;
      90: getstatic     #7                  // Field ITEMS:Lnet/neoforged/neoforge/registries/DeferredRegister$Items;
      93: ldc           #90                 // String holding_rail
      95: getstatic     #92                 // Field com/ericchiu/simplerail/registry/ModBlocks.HOLDING_RAIL:Lnet/neoforged/neoforge/registries/DeferredBlock;
      98: invokevirtual #84                 // Method net/neoforged/neoforge/registries/DeferredRegister$Items.registerSimpleBlockItem:(Ljava/lang/String;Ljava/util/function/Supplier;)Lnet/neoforged/neoforge/registries/DeferredItem;
     101: putstatic     #95                 // Field HOLDING_RAIL:Lnet/neoforged/neoforge/registries/DeferredItem;
     104: getstatic     #7                  // Field ITEMS:Lnet/neoforged/neoforge/registries/DeferredRegister$Items;
     107: ldc           #97                 // String oneway_rail
     109: getstatic     #99                 // Field com/ericchiu/simplerail/registry/ModBlocks.ONEWAY_RAIL:Lnet/neoforged/neoforge/registries/DeferredBlock;
     112: invokevirtual #84                 // Method net/neoforged/neoforge/registries/DeferredRegister$Items.registerSimpleBlockItem:(Ljava/lang/String;Ljava/util/function/Supplier;)Lnet/neoforged/neoforge/registries/DeferredItem;
     115: putstatic     #102                // Field ONEWAY_RAIL:Lnet/neoforged/neoforge/registries/DeferredItem;
     118: getstatic     #7                  // Field ITEMS:Lnet/neoforged/neoforge/registries/DeferredRegister$Items;
     121: ldc           #104                // String eject_rail
     123: getstatic     #106                // Field com/ericchiu/simplerail/registry/ModBlocks.EJECT_RAIL:Lnet/neoforged/neoforge/registries/DeferredBlock;
     126: invokevirtual #84                 // Method net/neoforged/neoforge/registries/DeferredRegister$Items.registerSimpleBlockItem:(Ljava/lang/String;Ljava/util/function/Supplier;)Lnet/neoforged/neoforge/registries/DeferredItem;
     129: putstatic     #109                // Field EJECT_RAIL:Lnet/neoforged/neoforge/registries/DeferredItem;
     132: getstatic     #7                  // Field ITEMS:Lnet/neoforged/neoforge/registries/DeferredRegister$Items;
     135: ldc           #111                // String destory_rail
     137: getstatic     #113                // Field com/ericchiu/simplerail/registry/ModBlocks.DESTORY_RAIL:Lnet/neoforged/neoforge/registries/DeferredBlock;
     140: invokevirtual #84                 // Method net/neoforged/neoforge/registries/DeferredRegister$Items.registerSimpleBlockItem:(Ljava/lang/String;Ljava/util/function/Supplier;)Lnet/neoforged/neoforge/registries/DeferredItem;
     143: putstatic     #116                // Field DESTORY_RAIL:Lnet/neoforged/neoforge/registries/DeferredItem;
     146: getstatic     #7                  // Field ITEMS:Lnet/neoforged/neoforge/registries/DeferredRegister$Items;
     149: ldc           #118                // String timer_holding_rail
     151: getstatic     #120                // Field com/ericchiu/simplerail/registry/ModBlocks.TIMER_HOLDING_RAIL:Lnet/neoforged/neoforge/registries/DeferredBlock;
     154: invokevirtual #84                 // Method net/neoforged/neoforge/registries/DeferredRegister$Items.registerSimpleBlockItem:(Ljava/lang/String;Ljava/util/function/Supplier;)Lnet/neoforged/neoforge/registries/DeferredItem;
     157: putstatic     #123                // Field TIMER_HOLDING_RAIL:Lnet/neoforged/neoforge/registries/DeferredItem;
     160: getstatic     #7                  // Field ITEMS:Lnet/neoforged/neoforge/registries/DeferredRegister$Items;
     163: ldc           #125                // String cross_rail
     165: getstatic     #127                // Field com/ericchiu/simplerail/registry/ModBlocks.CROSS_RAIL:Lnet/neoforged/neoforge/registries/DeferredBlock;
     168: invokevirtual #84                 // Method net/neoforged/neoforge/registries/DeferredRegister$Items.registerSimpleBlockItem:(Ljava/lang/String;Ljava/util/function/Supplier;)Lnet/neoforged/neoforge/registries/DeferredItem;
     171: putstatic     #130                // Field CROSS_RAIL:Lnet/neoforged/neoforge/registries/DeferredItem;
     174: getstatic     #7                  // Field ITEMS:Lnet/neoforged/neoforge/registries/DeferredRegister$Items;
     177: ldc           #132                // String y_cross_rail
     179: getstatic     #134                // Field com/ericchiu/simplerail/registry/ModBlocks.Y_CROSS_RAIL:Lnet/neoforged/neoforge/registries/DeferredBlock;
     182: invokevirtual #84                 // Method net/neoforged/neoforge/registries/DeferredRegister$Items.registerSimpleBlockItem:(Ljava/lang/String;Ljava/util/function/Supplier;)Lnet/neoforged/neoforge/registries/DeferredItem;
     185: putstatic     #137                // Field Y_CROSS_RAIL:Lnet/neoforged/neoforge/registries/DeferredItem;
     188: getstatic     #7                  // Field ITEMS:Lnet/neoforged/neoforge/registries/DeferredRegister$Items;
     191: ldc           #139                // String y_cross_right_rail
     193: getstatic     #141                // Field com/ericchiu/simplerail/registry/ModBlocks.Y_CROSS_RIGHT_RAIL:Lnet/neoforged/neoforge/registries/DeferredBlock;
     196: invokevirtual #84                 // Method net/neoforged/neoforge/registries/DeferredRegister$Items.registerSimpleBlockItem:(Ljava/lang/String;Ljava/util/function/Supplier;)Lnet/neoforged/neoforge/registries/DeferredItem;
     199: putstatic     #144                // Field Y_CROSS_RIGHT_RAIL:Lnet/neoforged/neoforge/registries/DeferredItem;
     202: getstatic     #7                  // Field ITEMS:Lnet/neoforged/neoforge/registries/DeferredRegister$Items;
     205: ldc           #146                // String train_dispenser
     207: getstatic     #148                // Field com/ericchiu/simplerail/registry/ModBlocks.TRAIN_DISPENSER:Lnet/neoforged/neoforge/registries/DeferredBlock;
     210: invokevirtual #84                 // Method net/neoforged/neoforge/registries/DeferredRegister$Items.registerSimpleBlockItem:(Ljava/lang/String;Ljava/util/function/Supplier;)Lnet/neoforged/neoforge/registries/DeferredItem;
     213: putstatic     #151                // Field TRAIN_DISPENSER:Lnet/neoforged/neoforge/registries/DeferredItem;
     216: getstatic     #7                  // Field ITEMS:Lnet/neoforged/neoforge/registries/DeferredRegister$Items;
     219: ldc           #153                // String signal_timer
     221: getstatic     #155                // Field com/ericchiu/simplerail/registry/ModBlocks.SIGNAL_TIMER:Lnet/neoforged/neoforge/registries/DeferredBlock;
     224: invokevirtual #84                 // Method net/neoforged/neoforge/registries/DeferredRegister$Items.registerSimpleBlockItem:(Ljava/lang/String;Ljava/util/function/Supplier;)Lnet/neoforged/neoforge/registries/DeferredItem;
     227: putstatic     #158                // Field SIGNAL_TIMER:Lnet/neoforged/neoforge/registries/DeferredItem;
     230: return
}
Compiled from "ModTags.java"
public final class com.ericchiu.simplerail.registry.ModTags {
  public static final net.minecraft.tags.TagKey<net.minecraft.world.level.block.Block> RAILS;

  public static final net.minecraft.tags.TagKey<net.minecraft.world.level.block.Block> MACHINES;

  public static final net.minecraft.tags.TagKey<net.minecraft.world.item.Item> WRENCH;

  private com.ericchiu.simplerail.registry.ModTags();
    Code:
       0: aload_0
       1: invokespecial #1                  // Method java/lang/Object."<init>":()V
       4: return

  static {};
    Code:
       0: getstatic     #7                  // Field net/minecraft/core/registries/Registries.BLOCK:Lnet/minecraft/resources/ResourceKey;
       3: ldc           #15                 // String simplerail
       5: ldc           #17                 // String rails
       7: invokestatic  #19                 // Method net/minecraft/resources/ResourceLocation.fromNamespaceAndPath:(Ljava/lang/String;Ljava/lang/String;)Lnet/minecraft/resources/ResourceLocation;
      10: invokestatic  #25                 // Method net/minecraft/tags/TagKey.create:(Lnet/minecraft/resources/ResourceKey;Lnet/minecraft/resources/ResourceLocation;)Lnet/minecraft/tags/TagKey;
      13: putstatic     #31                 // Field RAILS:Lnet/minecraft/tags/TagKey;
      16: getstatic     #7                  // Field net/minecraft/core/registries/Registries.BLOCK:Lnet/minecraft/resources/ResourceKey;
      19: ldc           #15                 // String simplerail
      21: ldc           #37                 // String machines
      23: invokestatic  #19                 // Method net/minecraft/resources/ResourceLocation.fromNamespaceAndPath:(Ljava/lang/String;Ljava/lang/String;)Lnet/minecraft/resources/ResourceLocation;
      26: invokestatic  #25                 // Method net/minecraft/tags/TagKey.create:(Lnet/minecraft/resources/ResourceKey;Lnet/minecraft/resources/ResourceLocation;)Lnet/minecraft/tags/TagKey;
      29: putstatic     #39                 // Field MACHINES:Lnet/minecraft/tags/TagKey;
      32: getstatic     #42                 // Field net/minecraft/core/registries/Registries.ITEM:Lnet/minecraft/resources/ResourceKey;
      35: ldc           #15                 // String simplerail
      37: ldc           #45                 // String wrench
      39: invokestatic  #19                 // Method net/minecraft/resources/ResourceLocation.fromNamespaceAndPath:(Ljava/lang/String;Ljava/lang/String;)Lnet/minecraft/resources/ResourceLocation;
      42: invokestatic  #25                 // Method net/minecraft/tags/TagKey.create:(Lnet/minecraft/resources/ResourceKey;Lnet/minecraft/resources/ResourceLocation;)Lnet/minecraft/tags/TagKey;
      45: putstatic     #47                 // Field WRENCH:Lnet/minecraft/tags/TagKey;
      48: return
}
Compiled from "SimpleRail.java"
public final class com.ericchiu.simplerail.SimpleRail {
  public static final java.lang.String MODID;

  public com.ericchiu.simplerail.SimpleRail(net.neoforged.bus.api.IEventBus, net.neoforged.fml.ModContainer);
    Code:
       0: aload_0
       1: invokespecial #1                  // Method java/lang/Object."<init>":()V
       4: aload_1
       5: aload_2
       6: invokestatic  #7                  // Method com/ericchiu/simplerail/config/CommonConfig.register:(Lnet/neoforged/bus/api/IEventBus;Lnet/neoforged/fml/ModContainer;)V
       9: aload_1
      10: invokestatic  #13                 // Method com/ericchiu/simplerail/registry/ModBlocks.register:(Lnet/neoforged/bus/api/IEventBus;)V
      13: aload_1
      14: invokestatic  #18                 // Method com/ericchiu/simplerail/registry/ModBlockEntities.register:(Lnet/neoforged/bus/api/IEventBus;)V
      17: aload_1
      18: invokestatic  #21                 // Method com/ericchiu/simplerail/registry/ModItems.register:(Lnet/neoforged/bus/api/IEventBus;)V
      21: aload_1
      22: invokestatic  #24                 // Method com/ericchiu/simplerail/registry/ModCreativeTabs.register:(Lnet/neoforged/bus/api/IEventBus;)V
      25: return
}
Compiled from "SimpleRailClient.java"
public final class com.ericchiu.simplerail.SimpleRailClient {
  public com.ericchiu.simplerail.SimpleRailClient();
    Code:
       0: aload_0
       1: invokespecial #1                  // Method java/lang/Object."<init>":()V
       4: return
}
