
D:\workspace\java\simple-rail-1.21.1>if "Windows_NT" == "Windows_NT" setlocal

D:\workspace\java\simple-rail-1.21.1>set DIRNAME=D:\workspace\java\simple-rail-1.21.1\ 

D:\workspace\java\simple-rail-1.21.1>if "D:\workspace\java\simple-rail-1.21.1\" == "" set DIRNAME=. 

D:\workspace\java\simple-rail-1.21.1>set APP_BASE_NAME=gradlew 

D:\workspace\java\simple-rail-1.21.1>set APP_HOME=D:\workspace\java\simple-rail-1.21.1\ 

D:\workspace\java\simple-rail-1.21.1>for %i in ("D:\workspace\java\simple-rail-1.21.1\") do set APP_HOME=%~fi 

D:\workspace\java\simple-rail-1.21.1>set APP_HOME=D:\workspace\java\simple-rail-1.21.1\ 

D:\workspace\java\simple-rail-1.21.1>set DEFAULT_JVM_OPTS="-Xmx64m" "-Xms64m" 

D:\workspace\java\simple-rail-1.21.1>if defined JAVA_HOME goto findJavaFromJavaHome 

D:\workspace\java\simple-rail-1.21.1>set JAVA_HOME=C:\Program Files\Eclipse Adoptium\jdk-21.0.12.101-hotspot\ 

D:\workspace\java\simple-rail-1.21.1>set JAVA_EXE=C:\Program Files\Eclipse Adoptium\jdk-21.0.12.101-hotspot\/bin/java.exe 

D:\workspace\java\simple-rail-1.21.1>if exist "C:\Program Files\Eclipse Adoptium\jdk-21.0.12.101-hotspot\/bin/java.exe" goto execute 

D:\workspace\java\simple-rail-1.21.1>set CLASSPATH= 

D:\workspace\java\simple-rail-1.21.1>"C:\Program Files\Eclipse Adoptium\jdk-21.0.12.101-hotspot\/bin/java.exe" "-Xmx64m" "-Xms64m"   "-Dorg.gradle.appname=gradlew" -classpath "" -jar "D:\workspace\java\simple-rail-1.21.1\\gradle\wrapper\gradle-wrapper.jar" runServer --console=plain --info --no-configuration-cache -I docs/evidence/T-006/runtime.init.gradle 
Initialized native services in: C:\Users\Kinoko\.gradle\native
Initialized jansi services in: C:\Users\Kinoko\.gradle\native
Found daemon DaemonInfo{pid=15340, address=[9396ffca-0e1c-4e19-9e3a-3dd2fac5a46d port:65439, addresses:[/127.0.0.1]], state=Idle, lastBusy=1790403360028, context=DefaultDaemonContext[uid=1b410c86-5247-4143-ac16-32f5ecb680b0,javaHome=C:\Users\Kinoko\.vscode\extensions\redhat.java-1.56.0-win32-x64\jre\21.0.12.1-win32-x86_64,javaVersion=21,javaVendor=Eclipse Adoptium,daemonRegistryDir=C:\Users\Kinoko\.gradle\daemon,pid=15340,idleTimeout=10800000,priority=NORMAL,applyInstrumentationAgent=true,nativeServicesMode=ENABLED,daemonOpts=-XX:MaxMetaspaceSize=384m,-XX:+HeapDumpOnOutOfMemoryError,-Xms256m,-Xmx512m,-Dfile.encoding=UTF-8,-Duser.country=TW,-Duser.language=zh,-Duser.variant]} however its context does not match the desired criteria.
JVM is incompatible.
Wanted: DaemonRequestContext{jvmCriteria=C:\Program Files\Eclipse Adoptium\jdk-21.0.12.101-hotspot (no JDK specified, using current Java home), daemonOpts=[-Xmx1G, -Dfile.encoding=UTF-8, -Duser.country=TW, -Duser.language=zh, -Duser.variant], applyInstrumentationAgent=true, nativeServicesMode=ENABLED, priority=NORMAL}
Actual: DefaultDaemonContext[uid=1b410c86-5247-4143-ac16-32f5ecb680b0,javaHome=C:\Users\Kinoko\.vscode\extensions\redhat.java-1.56.0-win32-x64\jre\21.0.12.1-win32-x86_64,javaVersion=21,javaVendor=Eclipse Adoptium,daemonRegistryDir=C:\Users\Kinoko\.gradle\daemon,pid=15340,idleTimeout=10800000,priority=NORMAL,applyInstrumentationAgent=true,nativeServicesMode=ENABLED,daemonOpts=-XX:MaxMetaspaceSize=384m,-XX:+HeapDumpOnOutOfMemoryError,-Xms256m,-Xmx512m,-Dfile.encoding=UTF-8,-Duser.country=TW,-Duser.language=zh,-Duser.variant]

  Looking for a different daemon...
Found daemon DaemonInfo{pid=6280, address=[8c8f436c-000e-4903-b24c-b8216ffd1cb0 port:55150, addresses:[/127.0.0.1]], state=Idle, lastBusy=1790437996826, context=DefaultDaemonContext[uid=f734a580-a459-456e-bc51-6b9b80b62678,javaHome=C:\Users\Kinoko\.vscode\extensions\redhat.java-1.56.0-win32-x64\jre\21.0.12.1-win32-x86_64,javaVersion=21,javaVendor=Eclipse Adoptium,daemonRegistryDir=C:\Users\Kinoko\.gradle\daemon,pid=6280,idleTimeout=10800000,priority=NORMAL,applyInstrumentationAgent=true,nativeServicesMode=ENABLED,daemonOpts=-Xmx1G,-Dfile.encoding=UTF-8,-Duser.country=TW,-Duser.language=zh,-Duser.variant]} however its context does not match the desired criteria.
JVM is incompatible.
Wanted: DaemonRequestContext{jvmCriteria=C:\Program Files\Eclipse Adoptium\jdk-21.0.12.101-hotspot (no JDK specified, using current Java home), daemonOpts=[-Xmx1G, -Dfile.encoding=UTF-8, -Duser.country=TW, -Duser.language=zh, -Duser.variant], applyInstrumentationAgent=true, nativeServicesMode=ENABLED, priority=NORMAL}
Actual: DefaultDaemonContext[uid=f734a580-a459-456e-bc51-6b9b80b62678,javaHome=C:\Users\Kinoko\.vscode\extensions\redhat.java-1.56.0-win32-x64\jre\21.0.12.1-win32-x86_64,javaVersion=21,javaVendor=Eclipse Adoptium,daemonRegistryDir=C:\Users\Kinoko\.gradle\daemon,pid=6280,idleTimeout=10800000,priority=NORMAL,applyInstrumentationAgent=true,nativeServicesMode=ENABLED,daemonOpts=-Xmx1G,-Dfile.encoding=UTF-8,-Duser.country=TW,-Duser.language=zh,-Duser.variant]

  Looking for a different daemon...
Removing 0 daemon stop events from registry
Starting a Gradle Daemon, 2 busy and 2 incompatible Daemons could not be reused, use --status for details
Starting process 'Gradle build daemon'. Working directory: C:\Users\Kinoko\.gradle\daemon\9.2.1 Command: C:\Program Files\Eclipse Adoptium\jdk-21.0.12.101-hotspot\bin\java.exe --add-opens=java.base/java.lang=ALL-UNNAMED --add-opens=java.base/java.lang.invoke=ALL-UNNAMED --add-opens=java.base/java.util=ALL-UNNAMED --add-opens=java.prefs/java.util.prefs=ALL-UNNAMED --add-exports=jdk.compiler/com.sun.tools.javac.api=ALL-UNNAMED --add-exports=jdk.compiler/com.sun.tools.javac.util=ALL-UNNAMED --add-opens=java.base/java.util=ALL-UNNAMED --add-opens=java.prefs/java.util.prefs=ALL-UNNAMED --add-opens=java.base/java.nio.charset=ALL-UNNAMED --add-opens=java.base/java.net=ALL-UNNAMED --add-opens=java.base/java.util.concurrent=ALL-UNNAMED --add-opens=java.base/java.util.concurrent.atomic=ALL-UNNAMED --add-opens=java.xml/javax.xml.namespace=ALL-UNNAMED --add-opens=java.base/java.time=ALL-UNNAMED -Xmx1G -Dfile.encoding=UTF-8 -Duser.country=TW -Duser.language=zh -Duser.variant -cp C:\Users\Kinoko\.gradle\wrapper\dists\gradle-9.2.1-bin\2t0n5ozlw9xmuyvbp7dnzaxug\gradle-9.2.1\lib\gradle-daemon-main-9.2.1.jar -javaagent:C:\Users\Kinoko\.gradle\wrapper\dists\gradle-9.2.1-bin\2t0n5ozlw9xmuyvbp7dnzaxug\gradle-9.2.1\lib\agents\gradle-instrumentation-agent-9.2.1.jar org.gradle.launcher.daemon.bootstrap.GradleDaemon 9.2.1
Successfully started process 'Gradle build daemon'
An attempt to start the daemon took 1.272 secs.
The client will now receive all logging from the daemon (pid: 23200). The daemon log file: C:\Users\Kinoko\.gradle\daemon\9.2.1\daemon-23200.out.log
Starting build in new daemon [memory: 1 GiB]
Using 12 worker leases.
Operational build model parameters: {requiresToolingModels=false, parallelProjectExecution=true, configureOnDemand=false, configurationCache=false, configurationCacheParallelStore=false, configurationCacheParallelLoad=true, isolatedProjects=false, parallelProjectConfiguration=false, intermediateModelCache=false, parallelToolingApiActions=true, invalidateCoupledProjects=false, modelAsProjectDependency=false, resilientModelBuilding=false}
Received JVM installation metadata from 'C:\Program Files\Eclipse Adoptium\jdk-21.0.12.101-hotspot': {JAVA_HOME=C:\Program Files\Eclipse Adoptium\jdk-21.0.12.101-hotspot, JAVA_VERSION=21.0.12.1, JAVA_VENDOR=Eclipse Adoptium, RUNTIME_NAME=OpenJDK Runtime Environment, RUNTIME_VERSION=21.0.12.1+1-LTS, VM_NAME=OpenJDK 64-Bit Server VM, VM_VERSION=21.0.12.1+1-LTS, VM_VENDOR=Eclipse Adoptium, OS_ARCH=amd64}
Watching the file system is configured to be enabled if available
Now considering [D:\workspace\java\simple-rail-1.21.1] as hierarchies to watch
File system watching is active
Starting Build
Resolved plugin [id: 'org.gradle.toolchains.foojay-resolver-convention', version: '1.0.0']
Settings evaluated using settings file 'D:\workspace\java\simple-rail-1.21.1\settings.gradle'.
Using local directory build cache for the root build (location = C:\Users\Kinoko\.gradle\caches\build-cache-1, remove unused entries = after 7 days).
Projects loaded. Root project using build file 'D:\workspace\java\simple-rail-1.21.1\build.gradle'.
Included projects: [root project 'simple-rail-1.21.1']

> Configure project :
Evaluating root project 'simple-rail-1.21.1' using build file 'D:\workspace\java\simple-rail-1.21.1\build.gradle'.
Resolved plugin [id: 'java-library']
Resolved plugin [id: 'maven-publish']
Resolved plugin [id: 'net.neoforged.moddev', version: '2.0.147']
Resolved plugin [id: 'idea']
All projects evaluated.
Task name matched 'runServer'
Selected primary task 'runServer' from project :
Starting process 'command 'C:\Program Files\Eclipse Adoptium\jdk-25.0.4.101-hotspot\bin\java.exe''. Working directory: C:\Users\Kinoko\.gradle\.tmp\tmp-jvm16276004228288275305probe Command: C:\Program Files\Eclipse Adoptium\jdk-25.0.4.101-hotspot\bin\java.exe -Xmx32m -Xms32m -cp . JavaProbe
Successfully started process 'command 'C:\Program Files\Eclipse Adoptium\jdk-25.0.4.101-hotspot\bin\java.exe''
Received JVM installation metadata from 'C:\Program Files\Eclipse Adoptium\jdk-25.0.4.101-hotspot': {JAVA_HOME=C:\Program Files\Eclipse Adoptium\jdk-25.0.4.101-hotspot, JAVA_VERSION=25.0.4.1, JAVA_VENDOR=Eclipse Adoptium, RUNTIME_NAME=OpenJDK Runtime Environment, RUNTIME_VERSION=25.0.4.1+1-LTS, VM_NAME=OpenJDK 64-Bit Server VM, VM_VERSION=25.0.4.1+1-LTS, VM_VENDOR=Eclipse Adoptium, OS_ARCH=amd64}
Tasks to be executed: [task ':createMinecraftArtifacts', task ':compileJava', task ':generateModMetadata', task ':processResources', task ':classes', task ':downloadAssets', task ':writeServerLegacyClasspath', task ':prepareServerRun', task ':runServer']
Tasks that were excluded: []
Resolve mutations for :createMinecraftArtifacts (Thread[#92,Execution worker,5,main]) started.
:createMinecraftArtifacts (Thread[#91,included builds,5,main]) started.

> Task :createMinecraftArtifacts UP-TO-DATE
Caching disabled for task ':createMinecraftArtifacts' because:
  Implements its own caching
Skipping task ':createMinecraftArtifacts' as it is up-to-date.
Resolve mutations for :compileJava (Thread[#93,Execution worker Thread 2,5,main]) started.
:compileJava (Thread[#93,Execution worker Thread 2,5,main]) started.

> Task :compileJava UP-TO-DATE
Build cache key for task ':compileJava' is d67cfd423d4c9f9142b766d0413ab1f5
Skipping task ':compileJava' as it is up-to-date.
Resolve mutations for :generateModMetadata (Thread[#93,Execution worker Thread 2,5,main]) started.
:generateModMetadata (Thread[#93,Execution worker Thread 2,5,main]) started.

> Task :generateModMetadata UP-TO-DATE
Caching disabled for task ':generateModMetadata' because:
  Not worth caching
Skipping task ':generateModMetadata' as it is up-to-date.
Resolve mutations for :processResources (Thread[#93,Execution worker Thread 2,5,main]) started.
:processResources (Thread[#93,Execution worker Thread 2,5,main]) started.

> Task :processResources UP-TO-DATE
Caching disabled for task ':processResources' because:
  Not worth caching
Skipping task ':processResources' as it is up-to-date.
Resolve mutations for :classes (Thread[#93,Execution worker Thread 2,5,main]) started.
:classes (Thread[#93,Execution worker Thread 2,5,main]) started.

> Task :classes UP-TO-DATE
Skipping task ':classes' as it has no actions.
Resolve mutations for :downloadAssets (Thread[#93,Execution worker Thread 2,5,main]) started.
:downloadAssets (Thread[#93,Execution worker Thread 2,5,main]) started.

> Task :downloadAssets UP-TO-DATE
Caching disabled for task ':downloadAssets' because:
  Implements its own caching and the output file is system specific
Skipping task ':downloadAssets' as it is up-to-date.
Resolve mutations for :writeServerLegacyClasspath (Thread[#93,Execution worker Thread 2,5,main]) started.
:writeServerLegacyClasspath (Thread[#91,included builds,5,main]) started.

> Task :writeServerLegacyClasspath
Downloading https://libraries.minecraft.net/io/netty/netty-transport-native-epoll/4.1.97.Final/netty-transport-native-epoll-4.1.97.Final.pom to C:\Users\Kinoko\.gradle\.tmp\gradle_download3319715622150758784bin
Downloading https://libraries.minecraft.net/io/netty/netty-transport-native-epoll/4.1.97.Final/netty-transport-native-epoll-4.1.97.Final-linux-x86_64.jar to C:\Users\Kinoko\.gradle\.tmp\gradle_download196146517176117528bin
Downloading https://libraries.minecraft.net/io/netty/netty-transport-native-epoll/4.1.97.Final/netty-transport-native-epoll-4.1.97.Final-linux-aarch_64.jar to C:\Users\Kinoko\.gradle\.tmp\gradle_download16860833148611389361bin
Caching disabled for task ':writeServerLegacyClasspath' because:
  Caching has not been enabled for the task
Task ':writeServerLegacyClasspath' is not up-to-date because:
  No history is available.
Resolve mutations for :prepareServerRun (Thread[#91,included builds,5,main]) started.
:prepareServerRun (Thread[#91,included builds,5,main]) started.

> Task :prepareServerRun
Caching disabled for task ':prepareServerRun' because:
  Caching has not been enabled for the task
Task ':prepareServerRun' is not up-to-date because:
  No history is available.
Resolve mutations for :runServer (Thread[#91,included builds,5,main]) started.
:runServer (Thread[#91,included builds,5,main]) started.

> Task :runServer
Caching disabled for task ':runServer' because:
  Caching has been disabled for the task
Task ':runServer' is not up-to-date because:
  Task has not declared any outputs despite executing actions.
Starting process 'command 'C:\Program Files\Eclipse Adoptium\jdk-21.0.12.101-hotspot\bin\java.exe''. Working directory: D:\workspace\java\simple-rail-1.21.1\run\T-007 Command: C:\Program Files\Eclipse Adoptium\jdk-21.0.12.101-hotspot\bin\java.exe -Dfml.modFolders=simplerail%%D:\workspace\java\simple-rail-1.21.1\build\classes\java\main;simplerail%%D:\workspace\java\simple-rail-1.21.1\build\resources\main @D:\\workspace\\java\\simple-rail-1.21.1\\build\\moddev\\serverRunVmArgs.txt -Dfile.encoding=UTF-8 -Duser.country=TW -Duser.language=zh -Duser.variant -cp D:\workspace\java\simple-rail-1.21.1\build\classes\java\main;D:\workspace\java\simple-rail-1.21.1\build\resources\main;D:\workspace\java\simple-rail-1.21.1\build\moddev\artifacts\neoforge-21.1.251.jar;D:\workspace\java\simple-rail-1.21.1\build\moddev\artifacts\neoforge-21.1.251-client-extra-aka-minecraft-resources.jar;C:\Users\Kinoko\.gradle\caches\modules-2\files-2.1\net.neoforged\DevLaunch\1.0.2\2e0e9a67793d5bfdedee4f9ea00934dbf3f2e22d\DevLaunch-1.0.2.jar;C:\Users\Kinoko\.gradle\caches\modules-2\files-2.1\net.neoforged.fancymodloader\earlydisplay\4.0.44\cb2afcf15672180eca1c49b1c9b1208951ef322e\earlydisplay-4.0.44.jar;C:\Users\Kinoko\.gradle\caches\modules-2\files-2.1\net.neoforged.fancymodloader\loader\4.0.44\63433608b68302a442e3dba87880e54f42ea0583\loader-4.0.44.jar;C:\Users\Kinoko\.gradle\caches\modules-2\files-2.1\net.neoforged.accesstransformers\at-modlauncher\10.0.1\5aba50202aceead086bc09fbc2751c9f05cb4890\at-modlauncher-10.0.1.jar;C:\Users\Kinoko\.gradle\caches\modules-2\files-2.1\net.neoforged\accesstransformers\10.0.1\fd83b5725f76eae9115e9355fa1c456a6a441400\accesstransformers-10.0.1.jar;C:\Users\Kinoko\.gradle\caches\modules-2\files-2.1\net.neoforged\bus\8.0.5\5b2d33285ab5d1554e9798ad98c40d6ea3868bd5\bus-8.0.5.jar;C:\Users\Kinoko\.gradle\caches\modules-2\files-2.1\net.neoforged\coremods\7.0.3\9147e6f638b4272b3bd5fc8f92ad37802512c6c\coremods-7.0.3.jar;C:\Users\Kinoko\.gradle\caches\modules-2\files-2.1\cpw.mods\modlauncher\11.0.5\b8f0d49294f733fdb6173931b263553e943dc950\modlauncher-11.0.5.jar;C:\Users\Kinoko\.gradle\caches\modules-2\files-2.1\net.neoforged\mergetool\2.0.0\52fe1949be64e3303aabaaa21e315f551db9c9f4\mergetool-2.0.0-api.jar;C:\Users\Kinoko\.gradle\caches\modules-2\files-2.1\com.electronwill.night-config\toml\3.8.3\90b2fd6efcb4a7d5b9810cf78f9d824994d717f2\toml-3.8.3.jar;C:\Users\Kinoko\.gradle\caches\modules-2\files-2.1\com.electronwill.night-config\core\3.8.3\b442a95f09e349927f5a945ecb594455870fcf4f\core-3.8.3.jar;C:\Users\Kinoko\.gradle\caches\modules-2\files-2.1\net.neoforged\JarJarSelector\0.4.1\fb3cc7a58af22ad2880adb98af6d518128c47dae\JarJarSelector-0.4.1.jar;C:\Users\Kinoko\.gradle\caches\modules-2\files-2.1\net.neoforged\JarJarMetadata\0.4.1\f8da03683dc81694556dc3e177c5e3bb77ae6fcb\JarJarMetadata-0.4.1.jar;C:\Users\Kinoko\.gradle\caches\modules-2\files-2.1\org.apache.maven\maven-artifact\3.8.5\4433f50c07debefaed0553bd0068f4f48d449313\maven-artifact-3.8.5.jar;C:\Users\Kinoko\.gradle\caches\modules-2\files-2.1\net.jodah\typetools\0.6.3\a01aaa6ddaea9ec07ec4f209487b7a46a526283a\typetools-0.6.3.jar;C:\Users\Kinoko\.gradle\caches\modules-2\files-2.1\net.minecrell\terminalconsoleappender\1.3.0\b562e9bb61235c9520e26282cdee71f8f802d1fc\terminalconsoleappender-1.3.0.jar;C:\Users\Kinoko\.gradle\caches\modules-2\files-2.1\net.fabricmc\sponge-mixin\0.15.2+mixin.0.8.7\2af2f021d8e02a0220dc27a7a72b4666d66d44ca\sponge-mixin-0.15.2+mixin.0.8.7.jar;C:\Users\Kinoko\.gradle\caches\modules-2\files-2.1\org.openjdk.nashorn\nashorn-core\15.4\f67f5ffaa5f5130cf6fb9b133da00c7df3b532a5\nashorn-core-15.4.jar;C:\Users\Kinoko\.gradle\caches\modules-2\files-2.1\org.apache.commons\commons-lang3\3.14.0\1ed471194b02f2c6cb734a0cd6f6f107c673afae\commons-lang3-3.14.0.jar;C:\Users\Kinoko\.gradle\caches\modules-2\files-2.1\cpw.mods\bootstraplauncher\2.0.2\1a2d076cbc33b0520cbacd591224427b2a20047d\bootstraplauncher-2.0.2.jar;C:\Users\Kinoko\.gradle\caches\modules-2\files-2.1\cpw.mods\securejarhandler\3.0.8\c0ef95cecd8699a0449053ac7d9c160748d902cd\securejarhandler-3.0.8.jar;C:\Users\Kinoko\.gradle\caches\modules-2\files-2.1\org.ow2.asm\asm-commons\9.10.1\4229e4c55fd8e01c23f9fe9884075cc628aacc50\asm-commons-9.10.1.jar;C:\Users\Kinoko\.gradle\caches\modules-2\files-2.1\org.ow2.asm\asm-util\9.10.1\7bb9d450e8d4cbf9f9e04096c44bbfe7fba80b15\asm-util-9.10.1.jar;C:\Users\Kinoko\.gradle\caches\modules-2\files-2.1\org.ow2.asm\asm-analysis\9.10.1\8d49f14d51f632cb1d87c88d1ceaf50db0d8af1b\asm-analysis-9.10.1.jar;C:\Users\Kinoko\.gradle\caches\modules-2\files-2.1\org.ow2.asm\asm-tree\9.10.1\e244332a17564c1d1572449399a842de35881be2\asm-tree-9.10.1.jar;C:\Users\Kinoko\.gradle\caches\modules-2\files-2.1\org.ow2.asm\asm\9.10.1\ada2141c0cc52ee8f5c48cd5fa4ce0e794f22236\asm-9.10.1.jar;C:\Users\Kinoko\.gradle\caches\modules-2\files-2.1\net.neoforged\JarJarFileSystems\0.4.1\78f59f89defcd032ed788b151ca6a0d40ace796a\JarJarFileSystems-0.4.1.jar;C:\Users\Kinoko\.gradle\caches\modules-2\files-2.1\net.sf.jopt-simple\jopt-simple\5.0.4\4fdac2fbe92dfad86aa6e9301736f6b4342a3f5c\jopt-simple-5.0.4.jar;C:\Users\Kinoko\.gradle\caches\modules-2\files-2.1\commons-io\commons-io\2.15.1\f11560da189ab563a5c8e351941415430e9304ea\commons-io-2.15.1.jar;C:\Users\Kinoko\.gradle\caches\modules-2\files-2.1\com.mojang\logging\1.2.7\24cb95ffb0e3433fd6e844c04e68009e504ca1c0\logging-1.2.7.jar;C:\Users\Kinoko\.gradle\caches\modules-2\files-2.1\org.apache.logging.log4j\log4j-slf4j2-impl\2.22.1\d7e6693c2606cb7e7335047d7bb96dec52db5665\log4j-slf4j2-impl-2.22.1.jar;C:\Users\Kinoko\.gradle\caches\modules-2\files-2.1\org.apache.logging.log4j\log4j-core\2.22.1\7183a25510a02ad00cc6a95d3b3d2a7d3c5a8dc4\log4j-core-2.22.1.jar;C:\Users\Kinoko\.gradle\caches\modules-2\files-2.1\org.apache.logging.log4j\log4j-api\2.22.1\bea6fede6328fabafd7e68363161a7ea6605abd1\log4j-api-2.22.1.jar;C:\Users\Kinoko\.gradle\caches\modules-2\files-2.1\com.google.guava\guava\32.1.2-jre\5e64ec7e056456bef3a4bc4c6fdaef71e8ab6318\guava-32.1.2-jre.jar;C:\Users\Kinoko\.gradle\caches\modules-2\files-2.1\com.google.code.gson\gson\2.10.1\b3add478d4382b78ea20b1671390a858002feb6c\gson-2.10.1.jar;C:\Users\Kinoko\.gradle\caches\modules-2\files-2.1\org.slf4j\slf4j-api\2.0.9\7cf2726fdcfbc8610f9a71fb3ed639871f315340\slf4j-api-2.0.9.jar;C:\Users\Kinoko\.gradle\caches\modules-2\files-2.1\org.antlr\antlr4-runtime\4.13.1\17125bae1d965624e265ef49552f6465a2bfa307\antlr4-runtime-4.13.1.jar;C:\Users\Kinoko\.gradle\caches\modules-2\files-2.1\net.minecraftforge\srgutils\0.4.15\ca408b131759478f164e010fae0d73997e125fb5\srgutils-0.4.15.jar;C:\Users\Kinoko\.gradle\caches\modules-2\files-2.1\org.codehaus.plexus\plexus-utils\3.3.0\cf43b5391de623b36fe066a21127baef82c64022\plexus-utils-3.3.0.jar;C:\Users\Kinoko\.gradle\caches\modules-2\files-2.1\org.jline\jline-reader\3.20.0\8f15415b022a25b473e8e16c28ae913186ffb9c4\jline-reader-3.20.0.jar;C:\Users\Kinoko\.gradle\caches\modules-2\files-2.1\com.machinezoo.noexception\noexception\1.7.1\b65330c98e38a1f915fa54a6e5eca496505e3f0a\noexception-1.7.1.jar;C:\Users\Kinoko\.gradle\caches\modules-2\files-2.1\com.github.oshi\oshi-core\6.4.10\b1d8ab82d11d92fd639b56d639f8f46f739dd5fa\oshi-core-6.4.10.jar;C:\Users\Kinoko\.gradle\caches\modules-2\files-2.1\com.google.guava\failureaccess\1.0.1\1dcf1de382a0bf95a3d8b0849546c88bac1292c9\failureaccess-1.0.1.jar;C:\Users\Kinoko\.gradle\caches\modules-2\files-2.1\com.ibm.icu\icu4j\73.2\61ad4ef7f9131fcf6d25c34b817f90d6da06c9e9\icu4j-73.2.jar;C:\Users\Kinoko\.gradle\caches\modules-2\files-2.1\com.mojang\authlib\6.0.54\de8bc95660e1b2fe8793fd427a7a10dcec5b3ea7\authlib-6.0.54.jar;C:\Users\Kinoko\.gradle\caches\modules-2\files-2.1\com.mojang\blocklist\1.0.10\5c685c5ffa94c4cd39496c7184c1d122e515ecef\blocklist-1.0.10.jar;C:\Users\Kinoko\.gradle\caches\modules-2\files-2.1\com.mojang\brigadier\1.3.10\d15b53a14cf20fdcaa98f731af5dda654452c010\brigadier-1.3.10.jar;C:\Users\Kinoko\.gradle\caches\modules-2\files-2.1\com.mojang\datafixerupper\8.0.16\67d4de6d7f95d89bcf5862995fb854ebaec02a34\datafixerupper-8.0.16.jar;C:\Users\Kinoko\.gradle\caches\modules-2\files-2.1\com.mojang\patchy\2.2.10\da05971b07cbb379d002cf7eaec6a2048211fefc\patchy-2.2.10.jar;C:\Users\Kinoko\.gradle\caches\modules-2\files-2.1\com.mojang\text2speech\1.17.9\3cad216e3a7f0c19b4b394388bc9ffc446f13b14\text2speech-1.17.9.jar;C:\Users\Kinoko\.gradle\caches\modules-2\files-2.1\commons-codec\commons-codec\1.16.0\4e3eb3d79888d76b54e28b350915b5dc3919c9de\commons-codec-1.16.0.jar;C:\Users\Kinoko\.gradle\caches\modules-2\files-2.1\commons-logging\commons-logging\1.2\4bfc12adfe4842bf07b657f0369c4cb522955686\commons-logging-1.2.jar;C:\Users\Kinoko\.gradle\caches\modules-2\files-2.1\io.netty\netty-buffer\4.1.97.Final\f8f3d8644afa5e6e1a40a3a6aeb9d9aa970ecb4f\netty-buffer-4.1.97.Final.jar;C:\Users\Kinoko\.gradle\caches\modules-2\files-2.1\io.netty\netty-codec\4.1.97.Final\384ba4d75670befbedb45c4d3b497a93639c206d\netty-codec-4.1.97.Final.jar;C:\Users\Kinoko\.gradle\caches\modules-2\files-2.1\io.netty\netty-common\4.1.97.Final\7cceacaf11df8dc63f23d0fb58e9d4640fc88404\netty-common-4.1.97.Final.jar;C:\Users\Kinoko\.gradle\caches\modules-2\files-2.1\io.netty\netty-handler\4.1.97.Final\abb86c6906bf512bf2b797a41cd7d2e8d3cd7c36\netty-handler-4.1.97.Final.jar;C:\Users\Kinoko\.gradle\caches\modules-2\files-2.1\io.netty\netty-resolver\4.1.97.Final\cec8348108dc76c47cf87c669d514be52c922144\netty-resolver-4.1.97.Final.jar;C:\Users\Kinoko\.gradle\caches\modules-2\files-2.1\io.netty\netty-transport-classes-epoll\4.1.97.Final\795da37ded759e862457a82d9d92c4d39ce8ecee\netty-transport-classes-epoll-4.1.97.Final.jar;C:\Users\Kinoko\.gradle\caches\modules-2\files-2.1\io.netty\netty-transport-native-unix-common\4.1.97.Final\d469d84265ab70095b01b40886cabdd433b6e664\netty-transport-native-unix-common-4.1.97.Final.jar;C:\Users\Kinoko\.gradle\caches\modules-2\files-2.1\io.netty\netty-transport\4.1.97.Final\f37380d23c9bb079bc702910833b2fd532c9abd0\netty-transport-4.1.97.Final.jar;C:\Users\Kinoko\.gradle\caches\modules-2\files-2.1\it.unimi.dsi\fastutil\8.5.12\c24946d46824bd528054bface3231d2ecb7e95e8\fastutil-8.5.12.jar;C:\Users\Kinoko\.gradle\caches\modules-2\files-2.1\net.java.dev.jna\jna-platform\5.14.0\28934d48aed814f11e4c584da55c49fa7032b31b\jna-platform-5.14.0.jar;C:\Users\Kinoko\.gradle\caches\modules-2\files-2.1\net.java.dev.jna\jna\5.14.0\67bf3eaea4f0718cb376a181a629e5f88fa1c9dd\jna-5.14.0.jar;C:\Users\Kinoko\.gradle\caches\modules-2\files-2.1\org.apache.commons\commons-compress\1.26.0\659feffdd12280201c8aacb8f7be94f9a883c824\commons-compress-1.26.0.jar;C:\Users\Kinoko\.gradle\caches\modules-2\files-2.1\org.apache.httpcomponents\httpclient\4.5.13\e5f6cae5ca7ecaac1ec2827a9e2d65ae2869cada\httpclient-4.5.13.jar;C:\Users\Kinoko\.gradle\caches\modules-2\files-2.1\org.apache.httpcomponents\httpcore\4.4.16\51cf043c87253c9f58b539c9f7e44c8894223850\httpcore-4.4.16.jar;C:\Users\Kinoko\.gradle\caches\modules-2\files-2.1\org.jcraft\jorbis\0.0.17\8872d22b293e8f5d7d56ff92be966e6dc28ebdc6\jorbis-0.0.17.jar;C:\Users\Kinoko\.gradle\caches\modules-2\files-2.1\org.joml\joml\1.10.5\22566d58af70ad3d72308bab63b8339906deb649\joml-1.10.5.jar;C:\Users\Kinoko\.gradle\caches\modules-2\files-2.1\org.lwjgl\lwjgl-freetype\3.3.3\a0db6c84a8becc8ca05f9dbfa985edc348a824c7\lwjgl-freetype-3.3.3.jar;C:\Users\Kinoko\.gradle\caches\modules-2\files-2.1\org.lwjgl\lwjgl-freetype\3.3.3\81091b006dbb43fab04c8c638e9ac87c51b4096d\lwjgl-freetype-3.3.3-natives-windows.jar;C:\Users\Kinoko\.gradle\caches\modules-2\files-2.1\org.lwjgl\lwjgl-freetype\3.3.3\82028265a0a2ff33523ca75137ada7dc176e5210\lwjgl-freetype-3.3.3-natives-windows-arm64.jar;C:\Users\Kinoko\.gradle\caches\modules-2\files-2.1\org.lwjgl\lwjgl-freetype\3.3.3\15a8c1de7f51d07a92eae7ce1222557073a0c0c3\lwjgl-freetype-3.3.3-natives-windows-x86.jar;C:\Users\Kinoko\.gradle\caches\modules-2\files-2.1\org.lwjgl\lwjgl-glfw\3.3.3\efa1eb78c5ccd840e9f329717109b5e892d72f8e\lwjgl-glfw-3.3.3.jar;C:\Users\Kinoko\.gradle\caches\modules-2\files-2.1\org.lwjgl\lwjgl-glfw\3.3.3\e449e28b4891fc423c54c85fbc5bb0b9efece67a\lwjgl-glfw-3.3.3-natives-windows.jar;C:\Users\Kinoko\.gradle\caches\modules-2\files-2.1\org.lwjgl\lwjgl-glfw\3.3.3\f27018dc74f6289574502b46cce55d52817554e2\lwjgl-glfw-3.3.3-natives-windows-arm64.jar;C:\Users\Kinoko\.gradle\caches\modules-2\files-2.1\org.lwjgl\lwjgl-glfw\3.3.3\32334f3fd5270a59bad9939a93115acb6de36dcf\lwjgl-glfw-3.3.3-natives-windows-x86.jar;C:\Users\Kinoko\.gradle\caches\modules-2\files-2.1\org.lwjgl\lwjgl-jemalloc\3.3.3\b543467b7ff3c6920539a88ee602d34098628be5\lwjgl-jemalloc-3.3.3.jar;C:\Users\Kinoko\.gradle\caches\modules-2\files-2.1\org.lwjgl\lwjgl-jemalloc\3.3.3\426222fc027602a5f21b9c0fe79cde6a4c7a011f\lwjgl-jemalloc-3.3.3-natives-windows.jar;C:\Users\Kinoko\.gradle\caches\modules-2\files-2.1\org.lwjgl\lwjgl-jemalloc\3.3.3\ba1f3fed0ee4be0217eaa41c5bbfb4b9b1383c33\lwjgl-jemalloc-3.3.3-natives-windows-arm64.jar;C:\Users\Kinoko\.gradle\caches\modules-2\files-2.1\org.lwjgl\lwjgl-jemalloc\3.3.3\f6063b6e0f23be483c5c88d84ce51b39dc69126c\lwjgl-jemalloc-3.3.3-natives-windows-x86.jar;C:\Users\Kinoko\.gradle\caches\modules-2\files-2.1\org.lwjgl\lwjgl-openal\3.3.3\daada81ceb5fc0c291fbfdd4433cb8d9423577f2\lwjgl-openal-3.3.3.jar;C:\Users\Kinoko\.gradle\caches\modules-2\files-2.1\org.lwjgl\lwjgl-openal\3.3.3\cf83862ae95d98496b26915024c7e666d8ab1c8f\lwjgl-openal-3.3.3-natives-windows.jar;C:\Users\Kinoko\.gradle\caches\modules-2\files-2.1\org.lwjgl\lwjgl-openal\3.3.3\8e0615235116b9e4160dfe87bec90f5f6378bf72\lwjgl-openal-3.3.3-natives-windows-arm64.jar;C:\Users\Kinoko\.gradle\caches\modules-2\files-2.1\org.lwjgl\lwjgl-openal\3.3.3\87b8d5050e3adb46bb58fe1cb2669a4a48fce10d\lwjgl-openal-3.3.3-natives-windows-x86.jar;C:\Users\Kinoko\.gradle\caches\modules-2\files-2.1\org.lwjgl\lwjgl-opengl\3.3.3\2f6b0147078396a58979125a4c947664e98293a\lwjgl-opengl-3.3.3.jar;C:\Users\Kinoko\.gradle\caches\modules-2\files-2.1\org.lwjgl\lwjgl-opengl\3.3.3\e6c1eec8be8a71951b830a4d69efc01c6531900c\lwjgl-opengl-3.3.3-natives-windows.jar;C:\Users\Kinoko\.gradle\caches\modules-2\files-2.1\org.lwjgl\lwjgl-opengl\3.3.3\65e956d3735a1abdc82eff4baec1b61174697d4b\lwjgl-opengl-3.3.3-natives-windows-arm64.jar;C:\Users\Kinoko\.gradle\caches\modules-2\files-2.1\org.lwjgl\lwjgl-opengl\3.3.3\d32d833dcaa2f355a886eaf21f0408b5f03241d\lwjgl-opengl-3.3.3-natives-windows-x86.jar;C:\Users\Kinoko\.gradle\caches\modules-2\files-2.1\org.lwjgl\lwjgl-stb\3.3.3\25dd6161988d7e65f71d5065c99902402ee32746\lwjgl-stb-3.3.3.jar;C:\Users\Kinoko\.gradle\caches\modules-2\files-2.1\org.lwjgl\lwjgl-stb\3.3.3\1d9facdf6541de114b0f963be33505b7679c78cb\lwjgl-stb-3.3.3-natives-windows.jar;C:\Users\Kinoko\.gradle\caches\modules-2\files-2.1\org.lwjgl\lwjgl-stb\3.3.3\a584ab44de569708871f0a79561f4d8c37487f2c\lwjgl-stb-3.3.3-natives-windows-arm64.jar;C:\Users\Kinoko\.gradle\caches\modules-2\files-2.1\org.lwjgl\lwjgl-stb\3.3.3\b5c874687b9aac1a936501d4ed2c49567fd1b575\lwjgl-stb-3.3.3-natives-windows-x86.jar;C:\Users\Kinoko\.gradle\caches\modules-2\files-2.1\org.lwjgl\lwjgl-tinyfd\3.3.3\82d755ca94b102e9ca77283b9e2dc46d1b15fbe5\lwjgl-tinyfd-3.3.3.jar;C:\Users\Kinoko\.gradle\caches\modules-2\files-2.1\org.lwjgl\lwjgl-tinyfd\3.3.3\a6697981b0449a5087c1d546fc08b4f73e8f98c9\lwjgl-tinyfd-3.3.3-natives-windows.jar;C:\Users\Kinoko\.gradle\caches\modules-2\files-2.1\org.lwjgl\lwjgl-tinyfd\3.3.3\a88c494f3006eb91a7433b12a3a55a9a6c20788b\lwjgl-tinyfd-3.3.3-natives-windows-arm64.jar;C:\Users\Kinoko\.gradle\caches\modules-2\files-2.1\org.lwjgl\lwjgl-tinyfd\3.3.3\c336c84ee88cccb495c6ffa112395509e7378e8a\lwjgl-tinyfd-3.3.3-natives-windows-x86.jar;C:\Users\Kinoko\.gradle\caches\modules-2\files-2.1\org.lwjgl\lwjgl\3.3.3\29589b5f87ed335a6c7e7ee6a5775f81f97ecb84\lwjgl-3.3.3.jar;C:\Users\Kinoko\.gradle\caches\modules-2\files-2.1\org.lwjgl\lwjgl\3.3.3\a5ed18a2b82fc91b81f40d717cb1f64c9dcb0540\lwjgl-3.3.3-natives-windows.jar;C:\Users\Kinoko\.gradle\caches\modules-2\files-2.1\org.lwjgl\lwjgl\3.3.3\e9aca8c5479b520a2a7f0d542a118140e812c5e8\lwjgl-3.3.3-natives-windows-arm64.jar;C:\Users\Kinoko\.gradle\caches\modules-2\files-2.1\org.lwjgl\lwjgl\3.3.3\9e670718e050aeaeea0c2d5b907cffb142f2e58f\lwjgl-3.3.3-natives-windows-x86.jar;C:\Users\Kinoko\.gradle\caches\modules-2\files-2.1\org.lz4\lz4-java\1.8.0\4b986a99445e49ea5fbf5d149c4b63f6ed6c6780\lz4-java-1.8.0.jar;C:\Users\Kinoko\.gradle\caches\modules-2\files-2.1\org.jline\jline-terminal\3.20.0\d0ddcc708ddf527a3454c941b7b9225cc83a15ff\jline-terminal-3.20.0.jar;C:\Users\Kinoko\.gradle\caches\modules-2\files-2.1\com.google.guava\listenablefuture\9999.0-empty-to-avoid-conflict-with-guava\b421526c5f297295adef1c886e5246c39d4ac629\listenablefuture-9999.0-empty-to-avoid-conflict-with-guava.jar;C:\Users\Kinoko\.gradle\caches\modules-2\files-2.1\com.google.code.findbugs\jsr305\3.0.2\25ea2e8b0c338a877313bd4672d3fe056ea78f0d\jsr305-3.0.2.jar;C:\Users\Kinoko\.gradle\caches\modules-2\files-2.1\org.checkerframework\checker-qual\3.33.0\de2b60b62da487644fc11f734e73c8b0b431238f\checker-qual-3.33.0.jar;C:\Users\Kinoko\.gradle\caches\modules-2\files-2.1\com.google.errorprone\error_prone_annotations\2.18.0\89b684257096f548fa39a7df9fdaa409d4d4df91\error_prone_annotations-2.18.0.jar;C:\Users\Kinoko\.gradle\caches\modules-2\files-2.1\com.google.j2objc\j2objc-annotations\2.8\c85270e307e7b822f1086b93689124b89768e273\j2objc-annotations-2.8.jar net.neoforged.devlaunch.Main @D:\\workspace\\java\\simple-rail-1.21.1\\build\\moddev\\serverRunProgramArgs.txt
Successfully started process 'command 'C:\Program Files\Eclipse Adoptium\jdk-21.0.12.101-hotspot\bin\java.exe''
WARN StatusConsoleListener Advanced terminal features are not available in this environment
[23:58:45] [main/INFO] [cp.mo.mo.Launcher/MODLAUNCHER]: ModLauncher running: args [--launchTarget, forgeserverdev, --gameDir, ., --fml.fmlVersion, 4.0.44, --fml.mcVersion, 1.21.1, --fml.neoForgeVersion, 21.1.251, --fml.neoFormVersion, 20240808.144430, --nogui]
[23:58:45] [main/INFO] [cp.mo.mo.Launcher/MODLAUNCHER]: JVM identified as Eclipse Adoptium OpenJDK 64-Bit Server VM 21.0.12.1+1-LTS
[23:58:45] [main/INFO] [cp.mo.mo.Launcher/MODLAUNCHER]: ModLauncher 11.0.5+main.901c6ea8 starting: java version 21.0.12.1 by Eclipse Adoptium; OS Windows 11 arch amd64 version 10.0
[23:58:45] [main/DEBUG] [cp.mo.mo.LaunchServiceHandler/MODLAUNCHER]: Found launch services [minecraft,forgeclient,forgedatauserdev,testharness,forgeserverdev,forgeserveruserdev,forgejunitdev,forgeclientdev,forgeclientuserdev,forgeserver,forgejunituserdev,forgedatadev]
[23:58:45] [main/DEBUG] [cp.mo.mo.LaunchPluginHandler/MODLAUNCHER]: Found launch plugins: [mixin,slf4jfixer,runtime_enum_extender,accesstransformer,runtimedistcleaner]
[23:58:45] [main/DEBUG] [cp.mo.mo.TransformationServicesHandler/MODLAUNCHER]: Discovering transformation services
[23:58:45] [main/DEBUG] [ne.ne.fm.lo.FMLPaths/CORE]: Path GAMEDIR is D:\workspace\java\simple-rail-1.21.1\run\T-007
[23:58:45] [main/DEBUG] [ne.ne.fm.lo.FMLPaths/CORE]: Path MODSDIR is D:\workspace\java\simple-rail-1.21.1\run\T-007\mods
[23:58:45] [main/DEBUG] [ne.ne.fm.lo.FMLPaths/CORE]: Path CONFIGDIR is D:\workspace\java\simple-rail-1.21.1\run\T-007\config
[23:58:45] [main/DEBUG] [ne.ne.fm.lo.FMLPaths/CORE]: Path FMLCONFIG is D:\workspace\java\simple-rail-1.21.1\run\T-007\config\fml.toml
[23:58:45] [main/DEBUG] [ne.ne.fm.lo.ta.CommonLaunchHandler/CORE]: Got mod coordinates simplerail%%D:\workspace\java\simple-rail-1.21.1\build\classes\java\main;simplerail%%D:\workspace\java\simple-rail-1.21.1\build\resources\main from env
[23:58:45] [main/DEBUG] [ne.ne.fm.lo.ta.CommonLaunchHandler/CORE]: Found supplied mod coordinates [{simplerail=[D:\workspace\java\simple-rail-1.21.1\build\classes\java\main, D:\workspace\java\simple-rail-1.21.1\build\resources\main]}]
[23:58:45] [main/DEBUG] [cp.mo.mo.TransformationServicesHandler/MODLAUNCHER]: Found additional transformation services from discovery services: 
[23:58:45] [main/INFO] [ne.ne.fm.lo.ImmediateWindowHandler/]: ImmediateWindowProvider not loading because launch target is forgeserverdev
[23:58:45] [main/DEBUG] [cp.mo.mo.TransformationServicesHandler/MODLAUNCHER]: Found transformer services : [mixin,fml]
[23:58:45] [main/DEBUG] [cp.mo.mo.TransformationServicesHandler/MODLAUNCHER]: Transformation services loading
[23:58:45] [main/DEBUG] [cp.mo.mo.TransformationServiceDecorator/MODLAUNCHER]: Loading service mixin
[23:58:45] [main/DEBUG] [cp.mo.mo.TransformationServiceDecorator/MODLAUNCHER]: Loaded service mixin
[23:58:45] [main/DEBUG] [cp.mo.mo.TransformationServiceDecorator/MODLAUNCHER]: Loading service fml
[23:58:45] [main/DEBUG] [ne.ne.fm.lo.FMLLoader/CORE]: FML 4.0.44 loading
[23:58:45] [main/DEBUG] [ne.ne.fm.lo.FMLLoader/CORE]: FML found ModLauncher version : 11.0.5+main.901c6ea8
[23:58:45] [main/DEBUG] [ne.ne.fm.lo.FMLLoader/CORE]: FML found AccessTransformer version : 10.0.1+139da711
[23:58:45] [main/DEBUG] [ne.ne.fm.lo.FMLLoader/CORE]: FML found EventBus version : null
[23:58:45] [main/DEBUG] [ne.ne.fm.lo.FMLLoader/CORE]: Found Runtime Dist Cleaner
[23:58:45] [main/DEBUG] [cp.mo.mo.TransformationServiceDecorator/MODLAUNCHER]: Loaded service fml
[23:58:45] [main/DEBUG] [cp.mo.mo.TransformationServicesHandler/MODLAUNCHER]: Configuring option handling for services
[23:58:45] [main/DEBUG] [ne.ne.fm.lo.FMLServiceProvider/CORE]: Received command line version data  : VersionInfo[neoForgeVersion=21.1.251, fmlVersion=4.0.44, mcVersion=1.21.1, neoFormVersion=20240808.144430]
[23:58:45] [main/DEBUG] [cp.mo.mo.TransformationServicesHandler/MODLAUNCHER]: Transformation services initializing
[23:58:45] [main/DEBUG] [cp.mo.mo.TransformationServiceDecorator/MODLAUNCHER]: Initializing transformation service mixin
[23:58:45] [main/DEBUG] [mixin/]: MixinService [ModLauncher] was successfully booted in cpw.mods.cl.ModuleClassLoader@1786dec2
[23:58:45] [main/INFO] [mixin/]: SpongePowered MIXIN Subsystem Version=0.8.7 Source=union:/C:/Users/Kinoko/.gradle/caches/modules-2/files-2.1/net.fabricmc/sponge-mixin/0.15.2+mixin.0.8.7/2af2f021d8e02a0220dc27a7a72b4666d66d44ca/sponge-mixin-0.15.2+mixin.0.8.7.jar%2394!/ Service=ModLauncher Env=SERVER
[23:58:45] [main/DEBUG] [mixin/]: Initialising Mixin Platform Manager
[23:58:45] [main/DEBUG] [mixin/]: Adding mixin platform agents for container ModLauncher Root Container(ModLauncher:4f56a0a2)
[23:58:45] [main/DEBUG] [mixin/]: Instancing new MixinPlatformAgentMinecraftForge for ModLauncher Root Container(ModLauncher:4f56a0a2)
[23:58:45] [main/DEBUG] [mixin/]: MixinPlatformAgentMinecraftForge rejected container ModLauncher Root Container(ModLauncher:4f56a0a2)
[23:58:45] [main/DEBUG] [mixin/]: Instancing new MixinPlatformAgentDefault for ModLauncher Root Container(ModLauncher:4f56a0a2)
[23:58:45] [main/DEBUG] [mixin/]: MixinPlatformAgentDefault accepted container ModLauncher Root Container(ModLauncher:4f56a0a2)
[23:58:45] [main/DEBUG] [cp.mo.mo.TransformationServiceDecorator/MODLAUNCHER]: Initialized transformation service mixin
[23:58:45] [main/DEBUG] [cp.mo.mo.TransformationServiceDecorator/MODLAUNCHER]: Initializing transformation service fml
[23:58:45] [main/DEBUG] [ne.ne.fm.lo.FMLServiceProvider/CORE]: Setting up basic FML game directories
[23:58:45] [main/DEBUG] [ne.ne.fm.lo.FMLPaths/CORE]: Path GAMEDIR is D:\workspace\java\simple-rail-1.21.1\run\T-007
[23:58:45] [main/DEBUG] [ne.ne.fm.lo.FMLPaths/CORE]: Path MODSDIR is D:\workspace\java\simple-rail-1.21.1\run\T-007\mods
[23:58:45] [main/DEBUG] [ne.ne.fm.lo.FMLPaths/CORE]: Path CONFIGDIR is D:\workspace\java\simple-rail-1.21.1\run\T-007\config
[23:58:45] [main/DEBUG] [ne.ne.fm.lo.FMLPaths/CORE]: Path FMLCONFIG is D:\workspace\java\simple-rail-1.21.1\run\T-007\config\fml.toml
[23:58:45] [main/DEBUG] [ne.ne.fm.lo.FMLServiceProvider/CORE]: Loading configuration
[23:58:45] [main/DEBUG] [ne.ne.fm.lo.FMLServiceProvider/CORE]: Preparing launch handler
[23:58:45] [main/DEBUG] [ne.ne.fm.lo.FMLLoader/CORE]: Using forgeserverdev as launch service
[23:58:45] [main/DEBUG] [cp.mo.mo.TransformationServiceDecorator/MODLAUNCHER]: Initialized transformation service fml
[23:58:45] [main/DEBUG] [cp.mo.mo.TransformationServicesHandler/MODLAUNCHER]: Transformation services begin scanning
[23:58:45] [main/DEBUG] [cp.mo.mo.TransformationServiceDecorator/MODLAUNCHER]: Beginning scan trigger - transformation service mixin
[23:58:45] [main/DEBUG] [cp.mo.mo.TransformationServiceDecorator/MODLAUNCHER]: End scan trigger - transformation service mixin
[23:58:45] [main/DEBUG] [cp.mo.mo.TransformationServiceDecorator/MODLAUNCHER]: Beginning scan trigger - transformation service fml
[23:58:45] [main/DEBUG] [ne.ne.fm.lo.FMLServiceProvider/CORE]: Initiating mod scan
[23:58:45] [main/DEBUG] [ne.ne.fm.lo.ta.CommonLaunchHandler/CORE]: Got mod coordinates simplerail%%D:\workspace\java\simple-rail-1.21.1\build\classes\java\main;simplerail%%D:\workspace\java\simple-rail-1.21.1\build\resources\main from env
[23:58:45] [main/DEBUG] [ne.ne.fm.lo.ta.CommonLaunchHandler/CORE]: Found supplied mod coordinates [{simplerail=[D:\workspace\java\simple-rail-1.21.1\build\classes\java\main, D:\workspace\java\simple-rail-1.21.1\build\resources\main]}]
[23:58:45] [main/DEBUG] [ne.ne.fm.lo.ta.CommonDevLaunchHandler/]: Launching with NeoForge from D:\workspace\java\simple-rail-1.21.1\build\moddev\artifacts\neoforge-21.1.251.jar
[23:58:45] [main/DEBUG] [ne.ne.fm.ut.ServiceLoaderUtil/CORE]: Found 4 implementations of IModFileCandidateLocator:
[23:58:45] [main/DEBUG] [ne.ne.fm.ut.ServiceLoaderUtil/CORE]: 	       0 - [built-in] net.neoforged.fml.loading.moddiscovery.locators.NeoForgeDevProvider from loader-4.0.44.jar
[23:58:45] [main/DEBUG] [ne.ne.fm.ut.ServiceLoaderUtil/CORE]: 	       0 - net.neoforged.fml.loading.moddiscovery.locators.ModsFolderLocator from loader-4.0.44.jar
[23:58:45] [main/DEBUG] [ne.ne.fm.ut.ServiceLoaderUtil/CORE]: 	       0 - net.neoforged.fml.loading.moddiscovery.locators.MavenDirectoryLocator from loader-4.0.44.jar
[23:58:45] [main/DEBUG] [ne.ne.fm.ut.ServiceLoaderUtil/CORE]: 	   -1000 - [built-in] net.neoforged.fml.loading.moddiscovery.locators.UserdevLocator from loader-4.0.44.jar
[23:58:45] [main/DEBUG] [ne.ne.fm.ut.ServiceLoaderUtil/CORE]: Found 2 implementations of IModFileReader:
[23:58:45] [main/DEBUG] [ne.ne.fm.ut.ServiceLoaderUtil/CORE]: 	       0 - net.neoforged.fml.loading.moddiscovery.readers.JarModsDotTomlModFileReader from loader-4.0.44.jar
[23:58:45] [main/DEBUG] [ne.ne.fm.ut.ServiceLoaderUtil/CORE]: 	   -1000 - net.neoforged.fml.loading.moddiscovery.readers.NestedLibraryModReader from loader-4.0.44.jar
[23:58:45] [main/DEBUG] [ne.ne.fm.ut.ServiceLoaderUtil/CORE]: Found 1 implementations of IDependencyLocator:
[23:58:45] [main/DEBUG] [ne.ne.fm.ut.ServiceLoaderUtil/CORE]: 	       0 - net.neoforged.fml.loading.moddiscovery.locators.JarInJarDependencyLocator from loader-4.0.44.jar
[23:58:45] [main/DEBUG] [ne.ne.fm.lo.mo.ModFileInfo/LOADING]: Found valid mod file neoforge-21.1.251.jar with {minecraft} mods - versions {1.21.1}
[23:58:45] [main/DEBUG] [ne.ne.fm.lo.mo.ModFileParser/LOADING]: Considering mod file candidate D:\workspace\java\simple-rail-1.21.1\build\moddev\artifacts\neoforge-21.1.251.jar
[23:58:45] [main/DEBUG] [ne.ne.fm.lo.mo.ModFileInfo/LOADING]: Found valid mod file neoforge-21.1.251.jar with {neoforge} mods - versions {21.1.251}
[23:58:45] [main/DEBUG] [ne.ne.fm.lo.mo.ModListHandler/CORE]: Found mod coordinates from lists: []
[23:58:45] [main/DEBUG] [ne.ne.fm.lo.mo.ModFileParser/LOADING]: Considering mod file candidate D:\workspace\java\simple-rail-1.21.1\build\classes\java\main
[23:58:45] [main/DEBUG] [ne.ne.fm.lo.mo.ModFileInfo/LOADING]: Found valid mod file main with {simplerail} mods - versions {1.0.0}
[23:58:45] [main/DEBUG] [ne.ne.fm.lo.mo.ModFileParser/LOADING]: Considering mod file candidate D:\workspace\java\simple-rail-1.21.1\build\moddev\artifacts\neoforge-21.1.251.jar
[23:58:45] [main/DEBUG] [ne.ne.fm.lo.mo.ModFileInfo/LOADING]: Found valid mod file neoforge-21.1.251.jar with {neoforge} mods - versions {21.1.251}
[23:58:45] [main/DEBUG] [ne.ne.fm.lo.mo.ModDiscoverer/]: Skipping C:\Users\Kinoko\.gradle\caches\modules-2\files-2.1\net.neoforged.fancymodloader\earlydisplay\4.0.44\cb2afcf15672180eca1c49b1c9b1208951ef322e\earlydisplay-4.0.44.jar because it was already located earlier
[23:58:45] [main/DEBUG] [ne.ne.fm.lo.mo.ModDiscoverer/]: Skipping C:\Users\Kinoko\.gradle\caches\modules-2\files-2.1\net.neoforged.fancymodloader\loader\4.0.44\63433608b68302a442e3dba87880e54f42ea0583\loader-4.0.44.jar because it was already located earlier
[23:58:45] [main/DEBUG] [ne.ne.fm.lo.mo.ModDiscoverer/]: Skipping C:\Users\Kinoko\.gradle\caches\modules-2\files-2.1\net.neoforged.accesstransformers\at-modlauncher\10.0.1\5aba50202aceead086bc09fbc2751c9f05cb4890\at-modlauncher-10.0.1.jar because it was already located earlier
[23:58:45] [main/DEBUG] [ne.ne.fm.lo.mo.ModDiscoverer/]: Skipping C:\Users\Kinoko\.gradle\caches\modules-2\files-2.1\net.neoforged\accesstransformers\10.0.1\fd83b5725f76eae9115e9355fa1c456a6a441400\accesstransformers-10.0.1.jar because it was already located earlier
[23:58:45] [main/DEBUG] [ne.ne.fm.lo.mo.ModDiscoverer/]: Skipping C:\Users\Kinoko\.gradle\caches\modules-2\files-2.1\net.neoforged\bus\8.0.5\5b2d33285ab5d1554e9798ad98c40d6ea3868bd5\bus-8.0.5.jar because it was already located earlier
[23:58:45] [main/DEBUG] [ne.ne.fm.lo.mo.ModDiscoverer/]: Skipping C:\Users\Kinoko\.gradle\caches\modules-2\files-2.1\net.neoforged\coremods\7.0.3\9147e6f638b4272b3bd5fc8f92ad37802512c6c\coremods-7.0.3.jar because it was already located earlier
[23:58:45] [main/DEBUG] [ne.ne.fm.lo.mo.ModDiscoverer/]: Skipping C:\Users\Kinoko\.gradle\caches\modules-2\files-2.1\cpw.mods\modlauncher\11.0.5\b8f0d49294f733fdb6173931b263553e943dc950\modlauncher-11.0.5.jar because it was already located earlier
[23:58:45] [main/DEBUG] [ne.ne.fm.lo.mo.ModDiscoverer/]: Skipping C:\Users\Kinoko\.gradle\caches\modules-2\files-2.1\net.neoforged\mergetool\2.0.0\52fe1949be64e3303aabaaa21e315f551db9c9f4\mergetool-2.0.0-api.jar because it was already located earlier
[23:58:45] [main/DEBUG] [ne.ne.fm.lo.mo.ModDiscoverer/]: Skipping C:\Users\Kinoko\.gradle\caches\modules-2\files-2.1\com.electronwill.night-config\toml\3.8.3\90b2fd6efcb4a7d5b9810cf78f9d824994d717f2\toml-3.8.3.jar because it was already located earlier
[23:58:45] [main/DEBUG] [ne.ne.fm.lo.mo.ModDiscoverer/]: Skipping C:\Users\Kinoko\.gradle\caches\modules-2\files-2.1\com.electronwill.night-config\core\3.8.3\b442a95f09e349927f5a945ecb594455870fcf4f\core-3.8.3.jar because it was already located earlier
[23:58:45] [main/DEBUG] [ne.ne.fm.lo.mo.ModDiscoverer/]: Skipping C:\Users\Kinoko\.gradle\caches\modules-2\files-2.1\net.neoforged\JarJarSelector\0.4.1\fb3cc7a58af22ad2880adb98af6d518128c47dae\JarJarSelector-0.4.1.jar because it was already located earlier
[23:58:45] [main/DEBUG] [ne.ne.fm.lo.mo.ModDiscoverer/]: Skipping C:\Users\Kinoko\.gradle\caches\modules-2\files-2.1\net.neoforged\JarJarMetadata\0.4.1\f8da03683dc81694556dc3e177c5e3bb77ae6fcb\JarJarMetadata-0.4.1.jar because it was already located earlier
[23:58:45] [main/DEBUG] [ne.ne.fm.lo.mo.ModDiscoverer/]: Skipping C:\Users\Kinoko\.gradle\caches\modules-2\files-2.1\org.apache.maven\maven-artifact\3.8.5\4433f50c07debefaed0553bd0068f4f48d449313\maven-artifact-3.8.5.jar because it was already located earlier
[23:58:45] [main/DEBUG] [ne.ne.fm.lo.mo.ModDiscoverer/]: Skipping C:\Users\Kinoko\.gradle\caches\modules-2\files-2.1\net.jodah\typetools\0.6.3\a01aaa6ddaea9ec07ec4f209487b7a46a526283a\typetools-0.6.3.jar because it was already located earlier
[23:58:45] [main/DEBUG] [ne.ne.fm.lo.mo.ModDiscoverer/]: Skipping C:\Users\Kinoko\.gradle\caches\modules-2\files-2.1\net.minecrell\terminalconsoleappender\1.3.0\b562e9bb61235c9520e26282cdee71f8f802d1fc\terminalconsoleappender-1.3.0.jar because it was already located earlier
[23:58:45] [main/DEBUG] [ne.ne.fm.lo.mo.ModDiscoverer/]: Skipping C:\Users\Kinoko\.gradle\caches\modules-2\files-2.1\net.fabricmc\sponge-mixin\0.15.2+mixin.0.8.7\2af2f021d8e02a0220dc27a7a72b4666d66d44ca\sponge-mixin-0.15.2+mixin.0.8.7.jar because it was already located earlier
[23:58:45] [main/DEBUG] [ne.ne.fm.lo.mo.ModDiscoverer/]: Skipping C:\Users\Kinoko\.gradle\caches\modules-2\files-2.1\org.openjdk.nashorn\nashorn-core\15.4\f67f5ffaa5f5130cf6fb9b133da00c7df3b532a5\nashorn-core-15.4.jar because it was already located earlier
[23:58:45] [main/DEBUG] [ne.ne.fm.lo.mo.ModDiscoverer/]: Skipping C:\Users\Kinoko\.gradle\caches\modules-2\files-2.1\org.apache.commons\commons-lang3\3.14.0\1ed471194b02f2c6cb734a0cd6f6f107c673afae\commons-lang3-3.14.0.jar because it was already located earlier
[23:58:45] [main/DEBUG] [ne.ne.fm.lo.mo.ModDiscoverer/]: Skipping C:\Users\Kinoko\.gradle\caches\modules-2\files-2.1\net.sf.jopt-simple\jopt-simple\5.0.4\4fdac2fbe92dfad86aa6e9301736f6b4342a3f5c\jopt-simple-5.0.4.jar because it was already located earlier
[23:58:45] [main/DEBUG] [ne.ne.fm.lo.mo.ModDiscoverer/]: Skipping C:\Users\Kinoko\.gradle\caches\modules-2\files-2.1\commons-io\commons-io\2.15.1\f11560da189ab563a5c8e351941415430e9304ea\commons-io-2.15.1.jar because it was already located earlier
[23:58:45] [main/DEBUG] [ne.ne.fm.lo.mo.ModDiscoverer/]: Skipping C:\Users\Kinoko\.gradle\caches\modules-2\files-2.1\com.mojang\logging\1.2.7\24cb95ffb0e3433fd6e844c04e68009e504ca1c0\logging-1.2.7.jar because it was already located earlier
[23:58:45] [main/DEBUG] [ne.ne.fm.lo.mo.ModDiscoverer/]: Skipping C:\Users\Kinoko\.gradle\caches\modules-2\files-2.1\org.apache.logging.log4j\log4j-slf4j2-impl\2.22.1\d7e6693c2606cb7e7335047d7bb96dec52db5665\log4j-slf4j2-impl-2.22.1.jar because it was already located earlier
[23:58:45] [main/DEBUG] [ne.ne.fm.lo.mo.ModDiscoverer/]: Skipping C:\Users\Kinoko\.gradle\caches\modules-2\files-2.1\org.apache.logging.log4j\log4j-core\2.22.1\7183a25510a02ad00cc6a95d3b3d2a7d3c5a8dc4\log4j-core-2.22.1.jar because it was already located earlier
[23:58:45] [main/DEBUG] [ne.ne.fm.lo.mo.ModDiscoverer/]: Skipping C:\Users\Kinoko\.gradle\caches\modules-2\files-2.1\org.apache.logging.log4j\log4j-api\2.22.1\bea6fede6328fabafd7e68363161a7ea6605abd1\log4j-api-2.22.1.jar because it was already located earlier
[23:58:45] [main/DEBUG] [ne.ne.fm.lo.mo.ModDiscoverer/]: Skipping C:\Users\Kinoko\.gradle\caches\modules-2\files-2.1\com.google.guava\guava\32.1.2-jre\5e64ec7e056456bef3a4bc4c6fdaef71e8ab6318\guava-32.1.2-jre.jar because it was already located earlier
[23:58:45] [main/DEBUG] [ne.ne.fm.lo.mo.ModDiscoverer/]: Skipping C:\Users\Kinoko\.gradle\caches\modules-2\files-2.1\com.google.code.gson\gson\2.10.1\b3add478d4382b78ea20b1671390a858002feb6c\gson-2.10.1.jar because it was already located earlier
[23:58:45] [main/DEBUG] [ne.ne.fm.lo.mo.ModDiscoverer/]: Skipping C:\Users\Kinoko\.gradle\caches\modules-2\files-2.1\org.slf4j\slf4j-api\2.0.9\7cf2726fdcfbc8610f9a71fb3ed639871f315340\slf4j-api-2.0.9.jar because it was already located earlier
[23:58:45] [main/DEBUG] [ne.ne.fm.lo.mo.ModDiscoverer/]: Skipping C:\Users\Kinoko\.gradle\caches\modules-2\files-2.1\org.antlr\antlr4-runtime\4.13.1\17125bae1d965624e265ef49552f6465a2bfa307\antlr4-runtime-4.13.1.jar because it was already located earlier
[23:58:45] [main/DEBUG] [ne.ne.fm.lo.mo.ModDiscoverer/]: Skipping C:\Users\Kinoko\.gradle\caches\modules-2\files-2.1\net.minecraftforge\srgutils\0.4.15\ca408b131759478f164e010fae0d73997e125fb5\srgutils-0.4.15.jar because it was already located earlier
[23:58:45] [main/DEBUG] [ne.ne.fm.lo.mo.ModDiscoverer/]: Skipping C:\Users\Kinoko\.gradle\caches\modules-2\files-2.1\org.codehaus.plexus\plexus-utils\3.3.0\cf43b5391de623b36fe066a21127baef82c64022\plexus-utils-3.3.0.jar because it was already located earlier
[23:58:45] [main/DEBUG] [ne.ne.fm.lo.mo.ModDiscoverer/]: Skipping C:\Users\Kinoko\.gradle\caches\modules-2\files-2.1\org.jline\jline-reader\3.20.0\8f15415b022a25b473e8e16c28ae913186ffb9c4\jline-reader-3.20.0.jar because it was already located earlier
[23:58:45] [main/DEBUG] [ne.ne.fm.lo.mo.ModDiscoverer/]: Skipping C:\Users\Kinoko\.gradle\caches\modules-2\files-2.1\com.machinezoo.noexception\noexception\1.7.1\b65330c98e38a1f915fa54a6e5eca496505e3f0a\noexception-1.7.1.jar because it was already located earlier
[23:58:45] [main/DEBUG] [ne.ne.fm.lo.mo.ModDiscoverer/]: Skipping C:\Users\Kinoko\.gradle\caches\modules-2\files-2.1\com.github.oshi\oshi-core\6.4.10\b1d8ab82d11d92fd639b56d639f8f46f739dd5fa\oshi-core-6.4.10.jar because it was already located earlier
[23:58:45] [main/DEBUG] [ne.ne.fm.lo.mo.ModDiscoverer/]: Skipping C:\Users\Kinoko\.gradle\caches\modules-2\files-2.1\com.google.guava\failureaccess\1.0.1\1dcf1de382a0bf95a3d8b0849546c88bac1292c9\failureaccess-1.0.1.jar because it was already located earlier
[23:58:45] [main/DEBUG] [ne.ne.fm.lo.mo.ModDiscoverer/]: Skipping C:\Users\Kinoko\.gradle\caches\modules-2\files-2.1\com.mojang\authlib\6.0.54\de8bc95660e1b2fe8793fd427a7a10dcec5b3ea7\authlib-6.0.54.jar because it was already located earlier
[23:58:45] [main/DEBUG] [ne.ne.fm.lo.mo.ModDiscoverer/]: Skipping C:\Users\Kinoko\.gradle\caches\modules-2\files-2.1\com.mojang\brigadier\1.3.10\d15b53a14cf20fdcaa98f731af5dda654452c010\brigadier-1.3.10.jar because it was already located earlier
[23:58:45] [main/DEBUG] [ne.ne.fm.lo.mo.ModDiscoverer/]: Skipping C:\Users\Kinoko\.gradle\caches\modules-2\files-2.1\com.mojang\datafixerupper\8.0.16\67d4de6d7f95d89bcf5862995fb854ebaec02a34\datafixerupper-8.0.16.jar because it was already located earlier
[23:58:45] [main/DEBUG] [ne.ne.fm.lo.mo.ModDiscoverer/]: Skipping C:\Users\Kinoko\.gradle\caches\modules-2\files-2.1\io.netty\netty-buffer\4.1.97.Final\f8f3d8644afa5e6e1a40a3a6aeb9d9aa970ecb4f\netty-buffer-4.1.97.Final.jar because it was already located earlier
[23:58:45] [main/DEBUG] [ne.ne.fm.lo.mo.ModDiscoverer/]: Skipping C:\Users\Kinoko\.gradle\caches\modules-2\files-2.1\io.netty\netty-codec\4.1.97.Final\384ba4d75670befbedb45c4d3b497a93639c206d\netty-codec-4.1.97.Final.jar because it was already located earlier
[23:58:45] [main/DEBUG] [ne.ne.fm.lo.mo.ModDiscoverer/]: Skipping C:\Users\Kinoko\.gradle\caches\modules-2\files-2.1\io.netty\netty-common\4.1.97.Final\7cceacaf11df8dc63f23d0fb58e9d4640fc88404\netty-common-4.1.97.Final.jar because it was already located earlier
[23:58:45] [main/DEBUG] [ne.ne.fm.lo.mo.ModDiscoverer/]: Skipping C:\Users\Kinoko\.gradle\caches\modules-2\files-2.1\io.netty\netty-handler\4.1.97.Final\abb86c6906bf512bf2b797a41cd7d2e8d3cd7c36\netty-handler-4.1.97.Final.jar because it was already located earlier
[23:58:45] [main/DEBUG] [ne.ne.fm.lo.mo.ModDiscoverer/]: Skipping C:\Users\Kinoko\.gradle\caches\modules-2\files-2.1\io.netty\netty-resolver\4.1.97.Final\cec8348108dc76c47cf87c669d514be52c922144\netty-resolver-4.1.97.Final.jar because it was already located earlier
[23:58:45] [main/DEBUG] [ne.ne.fm.lo.mo.ModDiscoverer/]: Skipping C:\Users\Kinoko\.gradle\caches\modules-2\files-2.1\io.netty\netty-transport-classes-epoll\4.1.97.Final\795da37ded759e862457a82d9d92c4d39ce8ecee\netty-transport-classes-epoll-4.1.97.Final.jar because it was already located earlier
[23:58:45] [main/DEBUG] [ne.ne.fm.lo.mo.ModDiscoverer/]: Skipping C:\Users\Kinoko\.gradle\caches\modules-2\files-2.1\io.netty\netty-transport-native-unix-common\4.1.97.Final\d469d84265ab70095b01b40886cabdd433b6e664\netty-transport-native-unix-common-4.1.97.Final.jar because it was already located earlier
[23:58:45] [main/DEBUG] [ne.ne.fm.lo.mo.ModDiscoverer/]: Skipping C:\Users\Kinoko\.gradle\caches\modules-2\files-2.1\io.netty\netty-transport\4.1.97.Final\f37380d23c9bb079bc702910833b2fd532c9abd0\netty-transport-4.1.97.Final.jar because it was already located earlier
[23:58:45] [main/DEBUG] [ne.ne.fm.lo.mo.ModDiscoverer/]: Skipping C:\Users\Kinoko\.gradle\caches\modules-2\files-2.1\it.unimi.dsi\fastutil\8.5.12\c24946d46824bd528054bface3231d2ecb7e95e8\fastutil-8.5.12.jar because it was already located earlier
[23:58:45] [main/DEBUG] [ne.ne.fm.lo.mo.ModDiscoverer/]: Skipping C:\Users\Kinoko\.gradle\caches\modules-2\files-2.1\net.java.dev.jna\jna-platform\5.14.0\28934d48aed814f11e4c584da55c49fa7032b31b\jna-platform-5.14.0.jar because it was already located earlier
[23:58:45] [main/DEBUG] [ne.ne.fm.lo.mo.ModDiscoverer/]: Skipping C:\Users\Kinoko\.gradle\caches\modules-2\files-2.1\net.java.dev.jna\jna\5.14.0\67bf3eaea4f0718cb376a181a629e5f88fa1c9dd\jna-5.14.0.jar because it was already located earlier
[23:58:45] [main/DEBUG] [ne.ne.fm.lo.mo.ModDiscoverer/]: Skipping C:\Users\Kinoko\.gradle\caches\modules-2\files-2.1\org.joml\joml\1.10.5\22566d58af70ad3d72308bab63b8339906deb649\joml-1.10.5.jar because it was already located earlier
[23:58:45] [main/DEBUG] [ne.ne.fm.lo.mo.ModDiscoverer/]: Skipping C:\Users\Kinoko\.gradle\caches\modules-2\files-2.1\org.lz4\lz4-java\1.8.0\4b986a99445e49ea5fbf5d149c4b63f6ed6c6780\lz4-java-1.8.0.jar because it was already located earlier
[23:58:45] [main/DEBUG] [ne.ne.fm.lo.mo.ModDiscoverer/]: Skipping C:\Users\Kinoko\.gradle\caches\modules-2\files-2.1\org.jline\jline-terminal\3.20.0\d0ddcc708ddf527a3454c941b7b9225cc83a15ff\jline-terminal-3.20.0.jar because it was already located earlier
[23:58:45] [main/DEBUG] [ne.ne.fm.lo.mo.ModDiscoverer/]: Skipping C:\Users\Kinoko\.gradle\caches\modules-2\files-2.1\com.google.guava\listenablefuture\9999.0-empty-to-avoid-conflict-with-guava\b421526c5f297295adef1c886e5246c39d4ac629\listenablefuture-9999.0-empty-to-avoid-conflict-with-guava.jar because it was already located earlier
[23:58:45] [main/DEBUG] [ne.ne.fm.lo.mo.ModDiscoverer/]: Skipping C:\Users\Kinoko\.gradle\caches\modules-2\files-2.1\com.google.code.findbugs\jsr305\3.0.2\25ea2e8b0c338a877313bd4672d3fe056ea78f0d\jsr305-3.0.2.jar because it was already located earlier
[23:58:45] [main/DEBUG] [ne.ne.fm.lo.mo.ModDiscoverer/]: Skipping C:\Users\Kinoko\.gradle\caches\modules-2\files-2.1\org.checkerframework\checker-qual\3.33.0\de2b60b62da487644fc11f734e73c8b0b431238f\checker-qual-3.33.0.jar because it was already located earlier
[23:58:45] [main/DEBUG] [ne.ne.fm.lo.mo.ModDiscoverer/]: Skipping C:\Users\Kinoko\.gradle\caches\modules-2\files-2.1\com.google.errorprone\error_prone_annotations\2.18.0\89b684257096f548fa39a7df9fdaa409d4d4df91\error_prone_annotations-2.18.0.jar because it was already located earlier
[23:58:45] [main/DEBUG] [ne.ne.fm.lo.mo.ModDiscoverer/]: Skipping C:\Users\Kinoko\.gradle\caches\modules-2\files-2.1\com.google.j2objc\j2objc-annotations\2.8\c85270e307e7b822f1086b93689124b89768e273\j2objc-annotations-2.8.jar because it was already located earlier
[23:58:45] [main/DEBUG] [ne.ne.fm.lo.UniqueModListBuilder/]: Found 2 mods for first modid neoforge, selecting most recent based on version data
[23:58:45] [main/DEBUG] [ne.ne.fm.lo.UniqueModListBuilder/]: Selected file neoforge-21.1.251.jar for modid neoforge with version 21.1.251
[23:58:45] [main/INFO] [ne.ne.fm.lo.mo.lo.JarInJarDependencyLocator/]: Found 2 dependencies adding them to mods collection
[23:58:45] [main/INFO] [ne.ne.fm.lo.mo.ModDiscoverer/]: 
     Mod List:
		Name Version (Mod Id)

		Minecraft 1.21.1 (minecraft)
		NeoForge 21.1.251 (neoforge)
		Simple Rail 1.0.0 (simplerail)
[23:58:45] [main/DEBUG] [ne.ne.fm.lo.mo.ModFileInfo/LOADING]: Found valid mod file neoforge-21.1.251.jar with {minecraft} mods - versions {1.21.1}
[23:58:45] [main/DEBUG] [ne.ne.fm.lo.mo.ModFile/LOADING]: Loading mod file D:\workspace\java\simple-rail-1.21.1\build\moddev\artifacts\neoforge-21.1.251.jar with languages [LanguageSpec[languageName=minecraft, acceptedVersions=1]]
[23:58:45] [main/DEBUG] [ne.ne.fm.lo.mo.ModFileParser/LOADING]: Considering mod file candidate D:\workspace\java\simple-rail-1.21.1\build\moddev\artifacts\neoforge-21.1.251.jar
[23:58:45] [main/DEBUG] [ne.ne.fm.lo.mo.ModFileInfo/LOADING]: Found valid mod file neoforge-21.1.251.jar with {neoforge} mods - versions {21.1.251}
[23:58:45] [main/DEBUG] [ne.ne.fm.lo.mo.ModFile/LOADING]: Loading mod file D:\workspace\java\simple-rail-1.21.1\build\moddev\artifacts\neoforge-21.1.251.jar with languages [LanguageSpec[languageName=javafml, acceptedVersions=[3,]]]
[23:58:45] [main/DEBUG] [ne.ne.fm.lo.mo.ModFile/LOADING]: Found mixin config MixinConfig[config=neoforge.mixins.json, requiredMods=[]]
[23:58:45] [main/DEBUG] [ne.ne.fm.lo.mo.ModFileParser/LOADING]: Considering mod file candidate D:\workspace\java\simple-rail-1.21.1\build\classes\java\main
[23:58:45] [main/DEBUG] [ne.ne.fm.lo.mo.ModFileInfo/LOADING]: Found valid mod file main with {simplerail} mods - versions {1.0.0}
[23:58:45] [main/DEBUG] [ne.ne.fm.lo.mo.ModFile/LOADING]: Loading mod file D:\workspace\java\simple-rail-1.21.1\build\classes\java\main with languages [LanguageSpec[languageName=javafml, acceptedVersions=[1,)]]
[23:58:45] [main/DEBUG] [ne.ne.fm.lo.mo.ModFile/LOADING]: Loading mod file  with languages []
[23:58:45] [main/DEBUG] [cp.mo.mo.TransformationServiceDecorator/MODLAUNCHER]: End scan trigger - transformation service fml
[23:58:45] [main/DEBUG] [ne.ne.fm.ut.ServiceLoaderUtil/CORE]: Found 3 implementations of IModLanguageLoader:
[23:58:45] [main/DEBUG] [ne.ne.fm.ut.ServiceLoaderUtil/CORE]: 	net.neoforged.fml.javafmlmod.FMLJavaModLanguageProvider from loader-4.0.44.jar
[23:58:45] [main/DEBUG] [ne.ne.fm.ut.ServiceLoaderUtil/CORE]: 	net.neoforged.fml.lowcodemod.LowCodeModLanguageProvider from loader-4.0.44.jar
[23:58:45] [main/DEBUG] [ne.ne.fm.ut.ServiceLoaderUtil/CORE]: 	net.neoforged.fml.mclanguageprovider.MinecraftModLanguageProvider from loader-4.0.44.jar
[23:58:45] [main/DEBUG] [ne.ne.fm.lo.LanguageProviderLoader/CORE]: Found language provider javafml, version 4.0.44
[23:58:45] [main/DEBUG] [ne.ne.fm.lo.LanguageProviderLoader/CORE]: Found language provider lowcodefml, version 4.0.44
[23:58:45] [main/DEBUG] [ne.ne.fm.lo.LanguageProviderLoader/CORE]: Found language provider minecraft, version 4.0.44
[23:58:45] [main/DEBUG] [ne.ne.fm.lo.ModSorter/]: Configured system mods: [minecraft, neoforge]
[23:58:45] [main/DEBUG] [ne.ne.fm.lo.ModSorter/]: Found system mod: minecraft
[23:58:45] [main/DEBUG] [ne.ne.fm.lo.ModSorter/]: Found system mod: neoforge
[23:58:45] [main/DEBUG] [ne.ne.fm.lo.ModSorter/LOADING]: Found 2 mod requirements (2 mandatory, 0 optional)
[23:58:45] [main/DEBUG] [ne.ne.fm.lo.ModSorter/LOADING]: Found 0 mod requirements missing (0 mandatory, 0 optional)
[23:58:45] [main/DEBUG] [mixin/]: Adding mixin platform agents for container net.neoforged.fml.loading.mixin.FMLMixinContainerHandle@7cedfa63
[23:58:45] [main/DEBUG] [mixin/]: Instancing new MixinPlatformAgentMinecraftForge for net.neoforged.fml.loading.mixin.FMLMixinContainerHandle@7cedfa63
[23:58:45] [main/DEBUG] [mixin/]: MixinPlatformAgentMinecraftForge rejected container net.neoforged.fml.loading.mixin.FMLMixinContainerHandle@7cedfa63
[23:58:45] [main/DEBUG] [mixin/]: Instancing new MixinPlatformAgentDefault for net.neoforged.fml.loading.mixin.FMLMixinContainerHandle@7cedfa63
[23:58:45] [main/DEBUG] [mixin/]: MixinPlatformAgentDefault accepted container net.neoforged.fml.loading.mixin.FMLMixinContainerHandle@7cedfa63
[23:58:45] [main/DEBUG] [mixin/]: Instancing new FMLMixinPlatformAgent for net.neoforged.fml.loading.mixin.FMLMixinContainerHandle@7cedfa63
[23:58:45] [main/DEBUG] [mixin/]: FMLMixinPlatformAgent accepted container net.neoforged.fml.loading.mixin.FMLMixinContainerHandle@7cedfa63
[23:58:45] [main/DEBUG] [cp.mo.mo.TransformationServicesHandler/MODLAUNCHER]: Transformation services loading transformers
[23:58:45] [main/DEBUG] [cp.mo.mo.TransformationServiceDecorator/MODLAUNCHER]: Initializing transformers for transformation service mixin
[23:58:45] [main/DEBUG] [cp.mo.mo.TransformationServiceDecorator/MODLAUNCHER]: Initialized transformers for transformation service mixin
[23:58:45] [main/DEBUG] [cp.mo.mo.TransformationServiceDecorator/MODLAUNCHER]: Initializing transformers for transformation service fml
[23:58:45] [main/DEBUG] [ne.ne.fm.lo.FMLServiceProvider/LOADING]: Loading coremod transformers
[23:58:45] [main/DEBUG] [ne.ne.fm.lo.FMLServiceProvider/CORE]: Not loading coremod script-engine since no mod requested it
[23:58:45] [main/DEBUG] [ne.ne.fm.ut.ServiceLoaderUtil/CORE]: Found 1 implementations of ICoreMod:
[23:58:45] [main/DEBUG] [ne.ne.fm.ut.ServiceLoaderUtil/CORE]: 	net.neoforged.neoforge.coremods.NeoForgeCoreMod from neoforge-21.1.251.jar > net.neoforged.neoforge-coremods-21.1.251.jar
[23:58:45] [main/DEBUG] [ne.ne.fm.lo.FMLServiceProvider/CORE]: Adding [Target[className=net.minecraft.world.level.biome.Biome, elementName=, elementDescriptor=, targetType=cpw.mods.modlauncher.api.TargetType@76012793]] transformer from core-mod net.neoforged.neoforge.coremods.NeoForgeCoreMod@426e505c in neoforge-21.1.251.jar > net.neoforged.neoforge-coremods-21.1.251.jar
[23:58:45] [main/DEBUG] [ne.ne.fm.lo.FMLServiceProvider/CORE]: Adding [Target[className=net.minecraft.world.level.levelgen.structure.Structure, elementName=, elementDescriptor=, targetType=cpw.mods.modlauncher.api.TargetType@76012793]] transformer from core-mod net.neoforged.neoforge.coremods.NeoForgeCoreMod@426e505c in neoforge-21.1.251.jar > net.neoforged.neoforge-coremods-21.1.251.jar
[23:58:45] [main/DEBUG] [ne.ne.fm.lo.FMLServiceProvider/CORE]: Adding [Target[className=net.minecraft.world.level.block.FlowerPotBlock, elementName=, elementDescriptor=, targetType=cpw.mods.modlauncher.api.TargetType@76012793]] transformer from core-mod net.neoforged.neoforge.coremods.NeoForgeCoreMod@426e505c in neoforge-21.1.251.jar > net.neoforged.neoforge-coremods-21.1.251.jar
[23:58:45] [main/DEBUG] [ne.ne.fm.lo.FMLServiceProvider/CORE]: Adding [Target[className=net/minecraft/world/entity/npc/Villager, elementName=, elementDescriptor=, targetType=cpw.mods.modlauncher.api.TargetType@76012793], Target[className=net/minecraft/world/level/levelgen/structure/structures/OceanRuinPieces$OceanRuinPiece, elementName=, elementDescriptor=, targetType=cpw.mods.modlauncher.api.TargetType@76012793], Target[className=net/minecraft/world/entity/monster/Spider, elementName=, elementDescriptor=, targetType=cpw.mods.modlauncher.api.TargetType@76012793], Target[className=net/minecraft/world/entity/EntityType, elementName=, elementDescriptor=, targetType=cpw.mods.modlauncher.api.TargetType@76012793], Target[className=net/minecraft/world/entity/monster/Strider, elementName=, elementDescriptor=, targetType=cpw.mods.modlauncher.api.TargetType@76012793], Target[className=net/minecraft/world/entity/monster/Zombie, elementName=, elementDescriptor=, targetType=cpw.mods.modlauncher.api.TargetType@76012793], Target[className=net/minecraft/world/entity/raid/Raid, elementName=, elementDescriptor=, targetType=cpw.mods.modlauncher.api.TargetType@76012793], Target[className=net/minecraft/world/entity/animal/horse/SkeletonTrapGoal, elementName=, elementDescriptor=, targetType=cpw.mods.modlauncher.api.TargetType@76012793], Target[className=net/minecraft/world/entity/npc/CatSpawner, elementName=, elementDescriptor=, targetType=cpw.mods.modlauncher.api.TargetType@76012793], Target[className=net/minecraft/server/commands/SummonCommand, elementName=, elementDescriptor=, targetType=cpw.mods.modlauncher.api.TargetType@76012793], Target[className=net/minecraft/world/level/levelgen/PhantomSpawner, elementName=, elementDescriptor=, targetType=cpw.mods.modlauncher.api.TargetType@76012793], Target[className=net/minecraft/world/level/levelgen/structure/structures/WoodlandMansionPieces$WoodlandMansionPiece, elementName=, elementDescriptor=, targetType=cpw.mods.modlauncher.api.TargetType@76012793], Target[className=net/minecraft/world/entity/monster/Evoker$EvokerSummonSpellGoal, elementName=, elementDescriptor=, targetType=cpw.mods.modlauncher.api.TargetType@76012793], Target[className=net/minecraft/world/level/levelgen/structure/structures/SwampHutPiece, elementName=, elementDescriptor=, targetType=cpw.mods.modlauncher.api.TargetType@76012793], Target[className=net/minecraft/world/entity/ai/village/VillageSiege, elementName=, elementDescriptor=, targetType=cpw.mods.modlauncher.api.TargetType@76012793], Target[className=net/minecraft/world/level/levelgen/PatrolSpawner, elementName=, elementDescriptor=, targetType=cpw.mods.modlauncher.api.TargetType@76012793], Target[className=net/minecraft/world/level/levelgen/structure/templatesystem/StructureTemplate, elementName=, elementDescriptor=, targetType=cpw.mods.modlauncher.api.TargetType@76012793], Target[className=net/minecraft/server/commands/RaidCommand, elementName=, elementDescriptor=, targetType=cpw.mods.modlauncher.api.TargetType@76012793], Target[className=net/minecraft/world/entity/animal/frog/Tadpole, elementName=, elementDescriptor=, targetType=cpw.mods.modlauncher.api.TargetType@76012793], Target[className=net/minecraft/world/level/NaturalSpawner, elementName=, elementDescriptor=, targetType=cpw.mods.modlauncher.api.TargetType@76012793], Target[className=net/minecraft/world/entity/monster/ZombieVillager, elementName=, elementDescriptor=, targetType=cpw.mods.modlauncher.api.TargetType@76012793], Target[className=net/minecraft/world/level/levelgen/structure/structures/OceanMonumentPieces$OceanMonumentPiece, elementName=, elementDescriptor=, targetType=cpw.mods.modlauncher.api.TargetType@76012793]] transformer from core-mod net.neoforged.neoforge.coremods.NeoForgeCoreMod@426e505c in neoforge-21.1.251.jar > net.neoforged.neoforge-coremods-21.1.251.jar
[23:58:45] [main/DEBUG] [cp.mo.mo.TransformStore/MODLAUNCHER]: Adding transformer net.neoforged.neoforge.coremods.ReplaceFieldWithGetterAccess@6c37bd27 to Target : cpw.mods.modlauncher.api.TargetType@76012793 {Lnet/minecraft/world/level/biome/Biome;} {} {V}
[23:58:45] [main/DEBUG] [cp.mo.mo.TransformStore/MODLAUNCHER]: Adding transformer net.neoforged.neoforge.coremods.ReplaceFieldWithGetterAccess@677b8e13 to Target : cpw.mods.modlauncher.api.TargetType@76012793 {Lnet/minecraft/world/level/levelgen/structure/Structure;} {} {V}
[23:58:45] [main/DEBUG] [cp.mo.mo.TransformStore/MODLAUNCHER]: Adding transformer net.neoforged.neoforge.coremods.ReplaceFieldWithGetterAccess@4a9486c0 to Target : cpw.mods.modlauncher.api.TargetType@76012793 {Lnet/minecraft/world/level/block/FlowerPotBlock;} {} {V}
[23:58:45] [main/DEBUG] [cp.mo.mo.TransformStore/MODLAUNCHER]: Adding transformer net.neoforged.neoforge.coremods.MethodRedirector@4c27d39d to Target : cpw.mods.modlauncher.api.TargetType@76012793 {Lnet/minecraft/world/entity/npc/Villager;} {} {V}
[23:58:45] [main/DEBUG] [cp.mo.mo.TransformStore/MODLAUNCHER]: Adding transformer net.neoforged.neoforge.coremods.MethodRedirector@4c27d39d to Target : cpw.mods.modlauncher.api.TargetType@76012793 {Lnet/minecraft/world/level/levelgen/structure/structures/OceanRuinPieces$OceanRuinPiece;} {} {V}
[23:58:45] [main/DEBUG] [cp.mo.mo.TransformStore/MODLAUNCHER]: Adding transformer net.neoforged.neoforge.coremods.MethodRedirector@4c27d39d to Target : cpw.mods.modlauncher.api.TargetType@76012793 {Lnet/minecraft/world/entity/monster/Spider;} {} {V}
[23:58:45] [main/DEBUG] [cp.mo.mo.TransformStore/MODLAUNCHER]: Adding transformer net.neoforged.neoforge.coremods.MethodRedirector@4c27d39d to Target : cpw.mods.modlauncher.api.TargetType@76012793 {Lnet/minecraft/world/entity/EntityType;} {} {V}
[23:58:45] [main/DEBUG] [cp.mo.mo.TransformStore/MODLAUNCHER]: Adding transformer net.neoforged.neoforge.coremods.MethodRedirector@4c27d39d to Target : cpw.mods.modlauncher.api.TargetType@76012793 {Lnet/minecraft/world/entity/monster/Strider;} {} {V}
[23:58:45] [main/DEBUG] [cp.mo.mo.TransformStore/MODLAUNCHER]: Adding transformer net.neoforged.neoforge.coremods.MethodRedirector@4c27d39d to Target : cpw.mods.modlauncher.api.TargetType@76012793 {Lnet/minecraft/world/entity/monster/Zombie;} {} {V}
[23:58:45] [main/DEBUG] [cp.mo.mo.TransformStore/MODLAUNCHER]: Adding transformer net.neoforged.neoforge.coremods.MethodRedirector@4c27d39d to Target : cpw.mods.modlauncher.api.TargetType@76012793 {Lnet/minecraft/world/entity/raid/Raid;} {} {V}
[23:58:45] [main/DEBUG] [cp.mo.mo.TransformStore/MODLAUNCHER]: Adding transformer net.neoforged.neoforge.coremods.MethodRedirector@4c27d39d to Target : cpw.mods.modlauncher.api.TargetType@76012793 {Lnet/minecraft/world/entity/animal/horse/SkeletonTrapGoal;} {} {V}
[23:58:45] [main/DEBUG] [cp.mo.mo.TransformStore/MODLAUNCHER]: Adding transformer net.neoforged.neoforge.coremods.MethodRedirector@4c27d39d to Target : cpw.mods.modlauncher.api.TargetType@76012793 {Lnet/minecraft/world/entity/npc/CatSpawner;} {} {V}
[23:58:45] [main/DEBUG] [cp.mo.mo.TransformStore/MODLAUNCHER]: Adding transformer net.neoforged.neoforge.coremods.MethodRedirector@4c27d39d to Target : cpw.mods.modlauncher.api.TargetType@76012793 {Lnet/minecraft/server/commands/SummonCommand;} {} {V}
[23:58:45] [main/DEBUG] [cp.mo.mo.TransformStore/MODLAUNCHER]: Adding transformer net.neoforged.neoforge.coremods.MethodRedirector@4c27d39d to Target : cpw.mods.modlauncher.api.TargetType@76012793 {Lnet/minecraft/world/level/levelgen/PhantomSpawner;} {} {V}
[23:58:45] [main/DEBUG] [cp.mo.mo.TransformStore/MODLAUNCHER]: Adding transformer net.neoforged.neoforge.coremods.MethodRedirector@4c27d39d to Target : cpw.mods.modlauncher.api.TargetType@76012793 {Lnet/minecraft/world/level/levelgen/structure/structures/WoodlandMansionPieces$WoodlandMansionPiece;} {} {V}
[23:58:45] [main/DEBUG] [cp.mo.mo.TransformStore/MODLAUNCHER]: Adding transformer net.neoforged.neoforge.coremods.MethodRedirector@4c27d39d to Target : cpw.mods.modlauncher.api.TargetType@76012793 {Lnet/minecraft/world/entity/monster/Evoker$EvokerSummonSpellGoal;} {} {V}
[23:58:45] [main/DEBUG] [cp.mo.mo.TransformStore/MODLAUNCHER]: Adding transformer net.neoforged.neoforge.coremods.MethodRedirector@4c27d39d to Target : cpw.mods.modlauncher.api.TargetType@76012793 {Lnet/minecraft/world/level/levelgen/structure/structures/SwampHutPiece;} {} {V}
[23:58:45] [main/DEBUG] [cp.mo.mo.TransformStore/MODLAUNCHER]: Adding transformer net.neoforged.neoforge.coremods.MethodRedirector@4c27d39d to Target : cpw.mods.modlauncher.api.TargetType@76012793 {Lnet/minecraft/world/entity/ai/village/VillageSiege;} {} {V}
[23:58:45] [main/DEBUG] [cp.mo.mo.TransformStore/MODLAUNCHER]: Adding transformer net.neoforged.neoforge.coremods.MethodRedirector@4c27d39d to Target : cpw.mods.modlauncher.api.TargetType@76012793 {Lnet/minecraft/world/level/levelgen/PatrolSpawner;} {} {V}
[23:58:45] [main/DEBUG] [cp.mo.mo.TransformStore/MODLAUNCHER]: Adding transformer net.neoforged.neoforge.coremods.MethodRedirector@4c27d39d to Target : cpw.mods.modlauncher.api.TargetType@76012793 {Lnet/minecraft/world/level/levelgen/structure/templatesystem/StructureTemplate;} {} {V}
[23:58:45] [main/DEBUG] [cp.mo.mo.TransformStore/MODLAUNCHER]: Adding transformer net.neoforged.neoforge.coremods.MethodRedirector@4c27d39d to Target : cpw.mods.modlauncher.api.TargetType@76012793 {Lnet/minecraft/server/commands/RaidCommand;} {} {V}
[23:58:45] [main/DEBUG] [cp.mo.mo.TransformStore/MODLAUNCHER]: Adding transformer net.neoforged.neoforge.coremods.MethodRedirector@4c27d39d to Target : cpw.mods.modlauncher.api.TargetType@76012793 {Lnet/minecraft/world/entity/animal/frog/Tadpole;} {} {V}
[23:58:45] [main/DEBUG] [cp.mo.mo.TransformStore/MODLAUNCHER]: Adding transformer net.neoforged.neoforge.coremods.MethodRedirector@4c27d39d to Target : cpw.mods.modlauncher.api.TargetType@76012793 {Lnet/minecraft/world/level/NaturalSpawner;} {} {V}
[23:58:45] [main/DEBUG] [cp.mo.mo.TransformStore/MODLAUNCHER]: Adding transformer net.neoforged.neoforge.coremods.MethodRedirector@4c27d39d to Target : cpw.mods.modlauncher.api.TargetType@76012793 {Lnet/minecraft/world/entity/monster/ZombieVillager;} {} {V}
[23:58:45] [main/DEBUG] [cp.mo.mo.TransformStore/MODLAUNCHER]: Adding transformer net.neoforged.neoforge.coremods.MethodRedirector@4c27d39d to Target : cpw.mods.modlauncher.api.TargetType@76012793 {Lnet/minecraft/world/level/levelgen/structure/structures/OceanMonumentPieces$OceanMonumentPiece;} {} {V}
[23:58:45] [main/DEBUG] [cp.mo.mo.TransformationServiceDecorator/MODLAUNCHER]: Initialized transformers for transformation service fml
[23:58:46] [main/DEBUG] [mixin/]: Processing prepare() for PlatformAgent[MixinPlatformAgentDefault:ModLauncher Root Container(ModLauncher:4f56a0a2)]
[23:58:46] [main/DEBUG] [mixin/]: Processing prepare() for PlatformAgent[MixinPlatformAgentDefault:net.neoforged.fml.loading.mixin.FMLMixinContainerHandle@7cedfa63]
[23:58:46] [main/DEBUG] [mixin/]: Processing prepare() for PlatformAgent[FMLMixinPlatformAgent:null]
[23:58:46] [main/DEBUG] [mixin/]: Processing launch tasks for PlatformAgent[MixinPlatformAgentDefault:ModLauncher Root Container(ModLauncher:4f56a0a2)]
[23:58:46] [main/DEBUG] [mixin/]: Adding mixin platform agents for container SecureJarResource(mixin_synthetic)
[23:58:46] [main/DEBUG] [mixin/]: Instancing new MixinPlatformAgentMinecraftForge for SecureJarResource(mixin_synthetic)
[23:58:46] [main/DEBUG] [mixin/]: MixinPlatformAgentMinecraftForge rejected container SecureJarResource(mixin_synthetic)
[23:58:46] [main/DEBUG] [mixin/]: Instancing new MixinPlatformAgentDefault for SecureJarResource(mixin_synthetic)
[23:58:46] [main/DEBUG] [mixin/]: MixinPlatformAgentDefault accepted container SecureJarResource(mixin_synthetic)
[23:58:46] [main/DEBUG] [mixin/]: Instancing new FMLMixinPlatformAgent for SecureJarResource(mixin_synthetic)
[23:58:46] [main/DEBUG] [mixin/]: FMLMixinPlatformAgent rejected container SecureJarResource(mixin_synthetic)
[23:58:46] [main/DEBUG] [mixin/]: Processing prepare() for PlatformAgent[MixinPlatformAgentDefault:SecureJarResource(mixin_synthetic)]
[23:58:46] [main/DEBUG] [mixin/]: Adding mixin platform agents for container SecureJarResource(minecraft)
[23:58:46] [main/DEBUG] [mixin/]: Instancing new MixinPlatformAgentMinecraftForge for SecureJarResource(minecraft)
[23:58:46] [main/DEBUG] [mixin/]: MixinPlatformAgentMinecraftForge rejected container SecureJarResource(minecraft)
[23:58:46] [main/DEBUG] [mixin/]: Instancing new MixinPlatformAgentDefault for SecureJarResource(minecraft)
[23:58:46] [main/DEBUG] [mixin/]: MixinPlatformAgentDefault accepted container SecureJarResource(minecraft)
[23:58:46] [main/DEBUG] [mixin/]: Instancing new FMLMixinPlatformAgent for SecureJarResource(minecraft)
[23:58:46] [main/DEBUG] [mixin/]: FMLMixinPlatformAgent rejected container SecureJarResource(minecraft)
[23:58:46] [main/DEBUG] [mixin/]: Processing prepare() for PlatformAgent[MixinPlatformAgentDefault:SecureJarResource(minecraft)]
[23:58:46] [main/DEBUG] [mixin/]: Adding mixin platform agents for container SecureJarResource(simplerail)
[23:58:46] [main/DEBUG] [mixin/]: Instancing new MixinPlatformAgentMinecraftForge for SecureJarResource(simplerail)
[23:58:46] [main/DEBUG] [mixin/]: MixinPlatformAgentMinecraftForge rejected container SecureJarResource(simplerail)
[23:58:46] [main/DEBUG] [mixin/]: Instancing new MixinPlatformAgentDefault for SecureJarResource(simplerail)
[23:58:46] [main/DEBUG] [mixin/]: MixinPlatformAgentDefault accepted container SecureJarResource(simplerail)
[23:58:46] [main/DEBUG] [mixin/]: Instancing new FMLMixinPlatformAgent for SecureJarResource(simplerail)
[23:58:46] [main/DEBUG] [mixin/]: FMLMixinPlatformAgent rejected container SecureJarResource(simplerail)
[23:58:46] [main/DEBUG] [mixin/]: Processing prepare() for PlatformAgent[MixinPlatformAgentDefault:SecureJarResource(simplerail)]
[23:58:46] [main/DEBUG] [mixin/]: Adding mixin platform agents for container SecureJarResource(mixinextras.neoforge)
[23:58:46] [main/DEBUG] [mixin/]: Instancing new MixinPlatformAgentMinecraftForge for SecureJarResource(mixinextras.neoforge)
[23:58:46] [main/DEBUG] [mixin/]: MixinPlatformAgentMinecraftForge rejected container SecureJarResource(mixinextras.neoforge)
[23:58:46] [main/DEBUG] [mixin/]: Instancing new MixinPlatformAgentDefault for SecureJarResource(mixinextras.neoforge)
[23:58:46] [main/DEBUG] [mixin/]: MixinPlatformAgentDefault accepted container SecureJarResource(mixinextras.neoforge)
[23:58:46] [main/DEBUG] [mixin/]: Instancing new FMLMixinPlatformAgent for SecureJarResource(mixinextras.neoforge)
[23:58:46] [main/DEBUG] [mixin/]: FMLMixinPlatformAgent rejected container SecureJarResource(mixinextras.neoforge)
[23:58:46] [main/DEBUG] [mixin/]: Processing prepare() for PlatformAgent[MixinPlatformAgentDefault:SecureJarResource(mixinextras.neoforge)]
[23:58:46] [main/DEBUG] [mixin/]: Registering mixin config: mixinextras.init.mixins.json source=SecureJarResource(mixinextras.neoforge)
[23:58:46] [main/DEBUG] [mixin/]: inject() running with 6 agents
[23:58:46] [main/DEBUG] [mixin/]: Processing inject() for PlatformAgent[MixinPlatformAgentDefault:ModLauncher Root Container(ModLauncher:4f56a0a2)]
[23:58:46] [main/DEBUG] [mixin/]: Processing inject() for PlatformAgent[MixinPlatformAgentDefault:net.neoforged.fml.loading.mixin.FMLMixinContainerHandle@7cedfa63]
[23:58:46] [main/DEBUG] [mixin/]: Processing inject() for PlatformAgent[FMLMixinPlatformAgent:null]
[23:58:46] [main/DEBUG] [mixin/]: Processing inject() for PlatformAgent[MixinPlatformAgentDefault:SecureJarResource(mixin_synthetic)]
[23:58:46] [main/DEBUG] [mixin/]: Processing inject() for PlatformAgent[MixinPlatformAgentDefault:SecureJarResource(minecraft)]
[23:58:46] [main/DEBUG] [mixin/]: Processing inject() for PlatformAgent[MixinPlatformAgentDefault:SecureJarResource(simplerail)]
[23:58:46] [main/DEBUG] [mixin/]: Processing inject() for PlatformAgent[MixinPlatformAgentDefault:SecureJarResource(mixinextras.neoforge)]
[23:58:46] [main/INFO] [cp.mo.mo.LaunchServiceHandler/MODLAUNCHER]: Launching target 'forgeserverdev' with arguments [--gameDir, ., --nogui]
[23:58:46] [main/DEBUG] [mixin/]: Preparing mixins for MixinEnvironment[DEFAULT]
[23:58:46] [main/DEBUG] [mixin/]: Selecting config neoforge.mixins.json
[23:58:46] [main/DEBUG] [mixin/]: Selecting config mixinextras.init.mixins.json
[23:58:46] [main/DEBUG] [MixinExtras|Service/]: com.llamalad7.mixinextras.service.MixinExtrasServiceImpl(version=0.5.3) is taking over from null
[23:58:46] [main/DEBUG] [mixin/]: Registering new injector for @Inject with org.spongepowered.asm.mixin.injection.struct.CallbackInjectionInfo
[23:58:46] [main/DEBUG] [mixin/]: Registering new injector for @ModifyArg with org.spongepowered.asm.mixin.injection.struct.ModifyArgInjectionInfo
[23:58:46] [main/DEBUG] [mixin/]: Registering new injector for @ModifyArgs with org.spongepowered.asm.mixin.injection.struct.ModifyArgsInjectionInfo
[23:58:46] [main/DEBUG] [mixin/]: Registering new injector for @Redirect with org.spongepowered.asm.mixin.injection.struct.RedirectInjectionInfo
[23:58:46] [main/DEBUG] [mixin/]: Registering new injector for @ModifyVariable with org.spongepowered.asm.mixin.injection.struct.ModifyVariableInjectionInfo
[23:58:46] [main/DEBUG] [mixin/]: Registering new injector for @ModifyConstant with org.spongepowered.asm.mixin.injection.struct.ModifyConstantInjectionInfo
[23:58:46] [main/DEBUG] [mixin/]: Preparing neoforge.mixins.json (2)
[23:58:46] [main/DEBUG] [mixin/]: Preparing mixinextras.init.mixins.json (0)
[23:58:46] [main/DEBUG] [io.ne.ut.in.lo.InternalLoggerFactory/]: Using SLF4J as the default logging framework
[23:58:46] [main/DEBUG] [io.ne.ut.ResourceLeakDetector/]: -Dio.netty.leakDetection.level: simple
[23:58:46] [main/DEBUG] [io.ne.ut.ResourceLeakDetector/]: -Dio.netty.leakDetection.targetRecords: 4
[23:58:46] [main/DEBUG] [os.ut.FileUtil/]: No oshi.properties file found from ClassLoader cpw.mods.modlauncher.TransformingClassLoader@7df60067
[23:58:47] [main/DEBUG] [os.ut.FileUtil/]: No oshi.architecture.properties file found from ClassLoader cpw.mods.modlauncher.TransformingClassLoader@7df60067
[23:58:47] [main/INFO] [MixinExtras|Service/]: Initializing MixinExtras via com.llamalad7.mixinextras.service.MixinExtrasServiceImpl(version=0.5.3).
[23:58:47] [main/DEBUG] [mixin/]: Registering new injector for @SugarWrapper with com.llamalad7.mixinextras.sugar.impl.SugarWrapperInjectionInfo
[23:58:47] [main/DEBUG] [mixin/]: Registering new injector for @FactoryRedirectWrapper with com.llamalad7.mixinextras.wrapper.factory.FactoryRedirectWrapperInjectionInfo
[23:58:47] [main/DEBUG] [mixin/]: Registering new injector for @ExpressionInjectorWrapper with com.llamalad7.mixinextras.expression.impl.wrapper.ExpressionInjectorWrapperInjectionInfo
[23:58:47] [main/DEBUG] [mixin/]: Mixing MappedRegistryAccessor from neoforge.mixins.json into net.minecraft.core.MappedRegistry
[23:58:47] [main/DEBUG] [mixin/]: neoforge.mixins.json:MappedRegistryAccessor from mod neoforge: Class version 65 required is higher than the class version supported by the current version of Mixin (JAVA_16 supports class version 60)
[23:58:48] [main/DEBUG] [mixin/]: Mixing BlockEntityTypeAccessor from neoforge.mixins.json into net.minecraft.world.level.block.entity.BlockEntityType
[23:58:48] [main/DEBUG] [mixin/]: neoforge.mixins.json:BlockEntityTypeAccessor from mod neoforge: Class version 65 required is higher than the class version supported by the current version of Mixin (JAVA_16 supports class version 60)
[23:58:49] [main/DEBUG] [io.ne.ut.in.PlatformDependent0/]: -Dio.netty.noUnsafe: false
[23:58:49] [main/DEBUG] [io.ne.ut.in.PlatformDependent0/]: Java version: 21
[23:58:49] [main/DEBUG] [io.ne.ut.in.PlatformDependent0/]: sun.misc.Unsafe.theUnsafe: available
[23:58:49] [main/DEBUG] [io.ne.ut.in.PlatformDependent0/]: sun.misc.Unsafe.copyMemory: available
[23:58:49] [main/DEBUG] [io.ne.ut.in.PlatformDependent0/]: sun.misc.Unsafe.storeFence: available
[23:58:49] [main/DEBUG] [io.ne.ut.in.PlatformDependent0/]: java.nio.Buffer.address: available
[23:58:49] [main/DEBUG] [io.ne.ut.in.PlatformDependent0/]: direct buffer constructor: unavailable: Reflective setAccessible(true) disabled
[23:58:49] [main/DEBUG] [io.ne.ut.in.PlatformDependent0/]: java.nio.Bits.unaligned: available, true
[23:58:49] [main/DEBUG] [io.ne.ut.in.PlatformDependent0/]: jdk.internal.misc.Unsafe.allocateUninitializedArray(int): unavailable: class io.netty.util.internal.PlatformDependent0$7 (in module io.netty.common) cannot access class jdk.internal.misc.Unsafe (in module java.base) because module java.base does not export jdk.internal.misc to module io.netty.common
[23:58:49] [main/DEBUG] [io.ne.ut.in.PlatformDependent0/]: java.nio.DirectByteBuffer.<init>(long, {int,long}): unavailable
[23:58:49] [main/DEBUG] [io.ne.ut.in.PlatformDependent/]: sun.misc.Unsafe: available
[23:58:49] [main/DEBUG] [io.ne.ut.in.PlatformDependent/]: maxDirectMemory: 8568963072 bytes (maybe)
[23:58:49] [main/DEBUG] [io.ne.ut.in.PlatformDependent/]: -Dio.netty.tmpdir: C:\Users\Kinoko\AppData\Local\Temp (java.io.tmpdir)
[23:58:49] [main/DEBUG] [io.ne.ut.in.PlatformDependent/]: -Dio.netty.bitMode: 64 (sun.arch.data.model)
[23:58:49] [main/DEBUG] [io.ne.ut.in.PlatformDependent/]: Platform: Windows
[23:58:49] [main/DEBUG] [io.ne.ut.in.PlatformDependent/]: -Dio.netty.maxDirectMemory: -1 bytes
[23:58:49] [main/DEBUG] [io.ne.ut.in.PlatformDependent/]: -Dio.netty.uninitializedArrayAllocationThreshold: -1
[23:58:49] [main/DEBUG] [io.ne.ut.in.CleanerJava9/]: java.nio.ByteBuffer.cleaner(): available
[23:58:49] [main/DEBUG] [io.ne.ut.in.PlatformDependent/]: -Dio.netty.noPreferDirect: false
[23:58:53] [main/WARN] [minecraft/Commands]: Ambiguity between arguments [teleport, location] and [teleport, destination] with inputs: [0.1 -0.5 .9, 0 0 0]
[23:58:53] [main/WARN] [minecraft/Commands]: Ambiguity between arguments [teleport, location] and [teleport, targets] with inputs: [0.1 -0.5 .9, 0 0 0]
[23:58:53] [main/WARN] [minecraft/Commands]: Ambiguity between arguments [teleport, destination] and [teleport, targets] with inputs: [Player, 0123, @e, dd12be42-52a9-4a91-a8a1-11c01849e498]
[23:58:53] [main/WARN] [minecraft/Commands]: Ambiguity between arguments [teleport, targets] and [teleport, destination] with inputs: [Player, 0123, dd12be42-52a9-4a91-a8a1-11c01849e498]
[23:58:53] [main/WARN] [minecraft/Commands]: Ambiguity between arguments [teleport, targets, location] and [teleport, targets, destination] with inputs: [0.1 -0.5 .9, 0 0 0]
[23:58:53] [main/DEBUG] [ne.ne.fm.ModWorkManager/LOADING]: Using 12 threads for parallel mod-loading
[23:58:53] [main/DEBUG] [ne.ne.fm.ja.FMLModContainer/LOADING]: Creating FMLModContainer instance for [com.ericchiu.simplerail.SimpleRail]
[23:58:53] [main/DEBUG] [ne.ne.fm.ja.FMLModContainer/LOADING]: Creating FMLModContainer instance for [net.neoforged.neoforge.common.NeoForgeMod]
[23:58:53] [modloading-worker-0/DEBUG] [ne.ne.ne.in.ve.ne.NeoForgeVersion/CORE]: Found NeoForge version 21.1.251
[23:58:53] [modloading-worker-0/DEBUG] [ne.ne.ne.in.ve.ne.NeoForgeVersion/CORE]: Found FML version 4.0.44
[23:58:53] [modloading-worker-0/INFO] [ne.ne.ne.co.NeoForgeMod/NEOFORGE-MOD]: NeoForge mod loading, version 21.1.251, for MC 1.21.1
[23:58:53] [modloading-worker-0/DEBUG] [ne.ne.fm.co.ConfigTracker/CONFIG]: Config file neoforge-client.toml for neoforge tracking
[23:58:53] [modloading-worker-0/DEBUG] [ne.ne.fm.co.ConfigTracker/CONFIG]: Config file simplerail-common.toml for simplerail tracking
[23:58:53] [modloading-worker-0/DEBUG] [ne.ne.fm.ja.AutomaticEventSubscriber/LOADING]: Attempting to inject @EventBusSubscriber classes into the eventbus for simplerail
[23:58:53] [modloading-worker-0/DEBUG] [ne.ne.fm.co.ConfigTracker/CONFIG]: Config file neoforge-server.toml for neoforge tracking
[23:58:53] [modloading-worker-0/DEBUG] [ne.ne.fm.co.ConfigTracker/CONFIG]: Config file neoforge-common.toml for neoforge tracking
[23:58:53] [modloading-worker-0/DEBUG] [ne.ne.fm.ja.AutomaticEventSubscriber/LOADING]: Attempting to inject @EventBusSubscriber classes into the eventbus for neoforge
[23:58:53] [modloading-worker-0/DEBUG] [ne.ne.fm.ja.AutomaticEventSubscriber/LOADING]: Scanning class net.neoforged.neoforge.network.filters.GenericPacketSplitter for @SubscribeEvent-annotated methods
[23:58:53] [modloading-worker-0/DEBUG] [io.ne.bu.AbstractByteBuf/]: -Dio.netty.buffer.checkAccessible: true
[23:58:53] [modloading-worker-0/DEBUG] [io.ne.bu.AbstractByteBuf/]: -Dio.netty.buffer.checkBounds: true
[23:58:53] [modloading-worker-0/DEBUG] [io.ne.ut.ResourceLeakDetectorFactory/]: Loaded default ResourceLeakDetector: io.netty.util.ResourceLeakDetector@2ddf6c6a
[23:58:53] [modloading-worker-0/DEBUG] [io.ne.ut.in.InternalThreadLocalMap/]: -Dio.netty.threadLocalMap.stringBuilder.initialSize: 1024
[23:58:53] [modloading-worker-0/DEBUG] [io.ne.ut.in.InternalThreadLocalMap/]: -Dio.netty.threadLocalMap.stringBuilder.maxSize: 4096
[23:58:53] [modloading-worker-0/DEBUG] [io.ne.bu.PooledByteBufAllocator/]: -Dio.netty.allocator.numHeapArenas: 24
[23:58:53] [modloading-worker-0/DEBUG] [io.ne.bu.PooledByteBufAllocator/]: -Dio.netty.allocator.numDirectArenas: 24
[23:58:53] [modloading-worker-0/DEBUG] [io.ne.bu.PooledByteBufAllocator/]: -Dio.netty.allocator.pageSize: 8192
[23:58:53] [modloading-worker-0/DEBUG] [io.ne.bu.PooledByteBufAllocator/]: -Dio.netty.allocator.maxOrder: 9
[23:58:53] [modloading-worker-0/DEBUG] [io.ne.bu.PooledByteBufAllocator/]: -Dio.netty.allocator.chunkSize: 4194304
[23:58:53] [modloading-worker-0/DEBUG] [io.ne.bu.PooledByteBufAllocator/]: -Dio.netty.allocator.smallCacheSize: 256
[23:58:53] [modloading-worker-0/DEBUG] [io.ne.bu.PooledByteBufAllocator/]: -Dio.netty.allocator.normalCacheSize: 64
[23:58:53] [modloading-worker-0/DEBUG] [io.ne.bu.PooledByteBufAllocator/]: -Dio.netty.allocator.maxCachedBufferCapacity: 32768
[23:58:53] [modloading-worker-0/DEBUG] [io.ne.bu.PooledByteBufAllocator/]: -Dio.netty.allocator.cacheTrimInterval: 8192
[23:58:53] [modloading-worker-0/DEBUG] [io.ne.bu.PooledByteBufAllocator/]: -Dio.netty.allocator.cacheTrimIntervalMillis: 0
[23:58:53] [modloading-worker-0/DEBUG] [io.ne.bu.PooledByteBufAllocator/]: -Dio.netty.allocator.useCacheForAllThreads: false
[23:58:53] [modloading-worker-0/DEBUG] [io.ne.bu.PooledByteBufAllocator/]: -Dio.netty.allocator.maxCachedByteBuffersPerChunk: 1023
[23:58:53] [modloading-worker-0/DEBUG] [io.ne.bu.ByteBufUtil/]: -Dio.netty.allocator.type: pooled
[23:58:53] [modloading-worker-0/DEBUG] [io.ne.bu.ByteBufUtil/]: -Dio.netty.threadLocalDirectBufferSize: 0
[23:58:53] [modloading-worker-0/DEBUG] [io.ne.bu.ByteBufUtil/]: -Dio.netty.maxThreadLocalCharBufferSize: 16384
[23:58:53] [modloading-worker-0/DEBUG] [ne.ne.fm.ja.AutomaticEventSubscriber/]: Subscribing @EventBusSubscriber class Lnet/neoforged/neoforge/network/filters/GenericPacketSplitter; to the mod event bus of mod neoforge
[23:58:53] [modloading-worker-0/DEBUG] [ne.ne.fm.ja.AutomaticEventSubscriber/LOADING]: Scanning class net.neoforged.neoforge.network.NetworkInitialization for @SubscribeEvent-annotated methods
[23:58:53] [modloading-worker-0/DEBUG] [ne.ne.fm.ja.AutomaticEventSubscriber/]: Subscribing @EventBusSubscriber class Lnet/neoforged/neoforge/network/NetworkInitialization; to the mod event bus of mod neoforge
[23:58:53] [modloading-worker-0/DEBUG] [ne.ne.fm.ja.AutomaticEventSubscriber/LOADING]: Scanning class net.neoforged.neoforge.network.ConfigurationInitialization for @SubscribeEvent-annotated methods
[23:58:53] [modloading-worker-0/DEBUG] [ne.ne.fm.ja.AutomaticEventSubscriber/]: Subscribing @EventBusSubscriber class Lnet/neoforged/neoforge/network/ConfigurationInitialization; to the mod event bus of mod neoforge
[23:58:53] [modloading-worker-0/DEBUG] [ne.ne.fm.ja.AutomaticEventSubscriber/LOADING]: Scanning class net.neoforged.neoforge.common.MonsterRoomHooks for @SubscribeEvent-annotated methods
[23:58:53] [modloading-worker-0/DEBUG] [ne.ne.fm.ja.AutomaticEventSubscriber/]: Subscribing @EventBusSubscriber class Lnet/neoforged/neoforge/common/MonsterRoomHooks; to the game event bus
[23:58:53] [modloading-worker-0/DEBUG] [ne.ne.fm.ja.AutomaticEventSubscriber/LOADING]: Scanning class net.neoforged.neoforge.common.DeferredSpawnEggItem$CommonHandler for @SubscribeEvent-annotated methods
[23:58:53] [modloading-worker-0/DEBUG] [ne.ne.fm.ja.AutomaticEventSubscriber/]: Subscribing @EventBusSubscriber class Lnet/neoforged/neoforge/common/DeferredSpawnEggItem$CommonHandler; to the mod event bus of mod neoforge
[23:58:53] [modloading-worker-0/DEBUG] [ne.ne.fm.ja.AutomaticEventSubscriber/LOADING]: Scanning class net.neoforged.neoforge.attachment.AttachmentSync for @SubscribeEvent-annotated methods
[23:58:53] [modloading-worker-0/DEBUG] [ne.ne.fm.ja.AutomaticEventSubscriber/]: Subscribing @EventBusSubscriber class Lnet/neoforged/neoforge/attachment/AttachmentSync; to the game event bus
[23:58:53] [modloading-worker-0/DEBUG] [ne.ne.fm.ja.AutomaticEventSubscriber/LOADING]: Scanning class net.neoforged.neoforge.attachment.AttachmentInternals for @SubscribeEvent-annotated methods
[23:58:53] [modloading-worker-0/DEBUG] [ne.ne.fm.ja.AutomaticEventSubscriber/]: Subscribing @EventBusSubscriber class Lnet/neoforged/neoforge/attachment/AttachmentInternals; to the game event bus
[23:58:53] [modloading-sync-worker/DEBUG] [ne.ne.fm.co.ConfigTracker/CONFIG]: Loading configs type COMMON
[23:58:53] [modloading-sync-worker/DEBUG] [ne.ne.ne.co.ModConfigSpec/CORE]: List on key items is deemed to need correction, as it is null, not a list, or the wrong size.
[23:58:53] [modloading-sync-worker/DEBUG] [ne.ne.fm.co.ConfigTracker/CONFIG]: Loaded TOML config file D:\workspace\java\simple-rail-1.21.1\run\T-007\config\simplerail-common.toml
[23:58:53] [modloading-sync-worker/DEBUG] [ne.ne.fm.co.ConfigTracker/CONFIG]: Watching TOML config file D:\workspace\java\simple-rail-1.21.1\run\T-007\config\simplerail-common.toml for changes
[23:58:53] [modloading-sync-worker/DEBUG] [ne.ne.ne.co.NeoForgeConfig/FORGEMOD]: Loaded NeoForge config file neoforge-common.toml
[23:58:53] [modloading-sync-worker/DEBUG] [ne.ne.fm.co.ConfigTracker/CONFIG]: Loaded TOML config file D:\workspace\java\simple-rail-1.21.1\run\T-007\config\neoforge-common.toml
[23:58:53] [modloading-sync-worker/DEBUG] [ne.ne.fm.co.ConfigTracker/CONFIG]: Watching TOML config file D:\workspace\java\simple-rail-1.21.1\run\T-007\config\neoforge-common.toml for changes
[23:58:53] [modloading-worker-0/INFO] [co.er.si.SimpleRail/]: HELLO FROM COMMON SETUP
[23:58:53] [modloading-worker-0/INFO] [co.er.si.SimpleRail/]: DIRT BLOCK >> minecraft:dirt
[23:58:53] [modloading-worker-0/INFO] [co.er.si.SimpleRail/]: The magic number is... 42
[23:58:53] [modloading-worker-0/INFO] [co.er.si.SimpleRail/]: ITEM >> minecraft:iron_ingot
[23:58:53] [modloading-sync-worker/DEBUG] [ne.ne.fm.DeferredWorkQueue/LOADING]: Dispatching synchronous work for work queue Common setup: 1 jobs
[23:58:53] [modloading-sync-worker/DEBUG] [ne.ne.fm.DeferredWorkQueue/LOADING]: Synchronous work queue completed in 1.074 ms
[23:58:53] [main/INFO] [mojang/YggdrasilAuthenticationService]: Environment: Environment[sessionHost=https://sessionserver.mojang.com, servicesHost=https://api.minecraftservices.com, name=PROD]
[23:58:53] [main/WARN] [minecraft/VanillaPackResourcesBuilder]: Assets URL 'union:/D:/workspace/java/simple-rail-1.21.1/build/moddev/artifacts/neoforge-21.1.251.jar%23125!/assets/.mcassetsroot' uses unexpected schema
[23:58:53] [main/WARN] [minecraft/VanillaPackResourcesBuilder]: Assets URL 'union:/D:/workspace/java/simple-rail-1.21.1/build/moddev/artifacts/neoforge-21.1.251.jar%23125!/data/.mcassetsroot' uses unexpected schema
[23:58:54] [main/INFO] [minecraft/Main]: No existing world data, creating new world
[23:58:54] [main/INFO] [minecraft/RecipeManager]: Loaded 1290 recipes
[23:58:54] [main/INFO] [minecraft/AdvancementTree]: Loaded 1399 advancements
[23:58:55] [main/DEBUG] [ne.ne.ne.co.CommonHooks/WP]: Gathered mod list to write to world save T007-new-world
[23:58:55] [Server thread/INFO] [minecraft/DedicatedServer]: Starting minecraft server version 1.21.1
[23:58:55] [Server thread/INFO] [minecraft/DedicatedServer]: Loading properties
[23:58:55] [Server thread/INFO] [minecraft/DedicatedServer]: Default game type: SURVIVAL
[23:58:55] [Server thread/INFO] [minecraft/MinecraftServer]: Generating keypair
[23:58:55] [Server thread/INFO] [minecraft/DedicatedServer]: Starting Minecraft server on 127.0.0.1:25575
[23:58:55] [Server thread/DEBUG] [ne.ne.ne.ne.DualStackUtils/]: Detected IPv4 address: "127.0.0.1"
[23:58:55] [Server thread/DEBUG] [io.ne.ch.MultithreadEventLoopGroup/]: -Dio.netty.eventLoopThreads: 24
[23:58:55] [Server thread/DEBUG] [io.ne.ut.co.GlobalEventExecutor/]: -Dio.netty.globalEventExecutor.quietPeriodSeconds: 1
[23:58:55] [Server thread/DEBUG] [io.ne.ch.ni.NioEventLoop/]: -Dio.netty.noKeySetOptimization: false
[23:58:55] [Server thread/DEBUG] [io.ne.ch.ni.NioEventLoop/]: -Dio.netty.selectorAutoRebuildThreshold: 512
[23:58:55] [Server thread/DEBUG] [io.ne.ut.in.PlatformDependent/]: org.jctools-core.MpscChunkedArrayQueue: available
[23:58:55] [Server thread/INFO] [minecraft/ServerConnectionListener]: Using default channel type
[23:58:55] [Server thread/DEBUG] [io.ne.ch.DefaultChannelId/]: -Dio.netty.processId: 26996 (auto-detected)
[23:58:55] [Server thread/DEBUG] [io.ne.ut.NetUtil/]: -Djava.net.preferIPv4Stack: true
[23:58:55] [Server thread/DEBUG] [io.ne.ut.NetUtil/]: -Djava.net.preferIPv6Addresses: false
[23:58:55] [Server thread/DEBUG] [io.ne.ut.NetUtilInitializations/]: Loopback interface: loopback_0 (Software Loopback Interface 1, 0:0:0:0:0:0:0:1)
[23:58:55] [Server thread/DEBUG] [io.ne.ut.NetUtil/]: Failed to get SOMAXCONN from sysctl and file \proc\sys\net\core\somaxconn. Default: 200
[23:58:55] [Server thread/DEBUG] [io.ne.ch.DefaultChannelId/]: -Dio.netty.machineId: f0:2f:74:ff:fe:22:a4:ba (auto-detected)
[23:58:55] [Server thread/DEBUG] [ne.ne.fm.co.ConfigTracker/CONFIG]: Loading configs type SERVER
[23:58:55] [Server thread/DEBUG] [ne.ne.ne.co.NeoForgeConfig/FORGEMOD]: Loaded NeoForge config file neoforge-server.toml
[23:58:55] [Server thread/DEBUG] [ne.ne.fm.co.ConfigTracker/CONFIG]: Loaded TOML config file D:\workspace\java\simple-rail-1.21.1\run\T-007\config\neoforge-server.toml
[23:58:55] [Server thread/DEBUG] [ne.ne.fm.co.ConfigTracker/CONFIG]: Watching TOML config file D:\workspace\java\simple-rail-1.21.1\run\T-007\config\neoforge-server.toml for changes
[23:58:55] [Server thread/INFO] [minecraft/DedicatedServer]: Preparing level "T007-new-world"
[23:58:57] [Server thread/INFO] [minecraft/MinecraftServer]: Preparing start region for dimension minecraft:overworld
[23:58:57] [worldgen/INFO] [minecraft/LoggerChunkProgressListener]: Preparing spawn area: 2%
[23:58:58] [worldgen/INFO] [minecraft/LoggerChunkProgressListener]: Preparing spawn area: 2%
[23:58:58] [worldgen/INFO] [minecraft/LoggerChunkProgressListener]: Preparing spawn area: 2%
[23:58:59] [worldgen/INFO] [minecraft/LoggerChunkProgressListener]: Preparing spawn area: 18%
[23:58:59] [worldgen/INFO] [minecraft/LoggerChunkProgressListener]: Preparing spawn area: 18%
[23:59:00] [worldgen/INFO] [minecraft/LoggerChunkProgressListener]: Preparing spawn area: 51%
[23:59:00] [Server thread/INFO] [minecraft/LoggerChunkProgressListener]: Time elapsed: 2818 ms
[23:59:00] [Server thread/INFO] [minecraft/DedicatedServer]: Done (5.127s)! For help, type "help"
[23:59:00] [Server thread/DEBUG] [ne.ne.ne.ne.DualStackUtils/]: Detected IPv6 address: "0:0:0:0:0:0:0:0"
[23:59:00] [Server thread/DEBUG] [ne.ne.ne.se.LanguageHook/]: Loaded 4 language files for en_us
[23:59:00] [Server thread/INFO] [ne.ne.ne.ga.GameTestHooks/]: Enabled Gametest Namespaces: [simplerail]
[23:59:00] [Server thread/INFO] [ne.ne.ne.se.pe.PermissionAPI/]: Successfully initialized permission handler neoforge:default_handler
[23:59:00] [Server thread/INFO] [co.er.si.SimpleRail/]: HELLO from server starting
[23:59:22] [Server thread/INFO] [minecraft/MinecraftServer]: There are 0 of a max of 2 players online: 
[23:59:22] [Server thread/INFO] [minecraft/MinecraftServer]: Saving the game (this may take a moment!)
[23:59:22] [Server thread/DEBUG] [ne.ne.ne.co.CommonHooks/WP]: Gathered mod list to write to world save T007-new-world
[23:59:22] [Server thread/INFO] [minecraft/MinecraftServer]: ThreadedAnvilChunkStorage (T007-new-world): All chunks are saved
[23:59:22] [Server thread/INFO] [minecraft/MinecraftServer]: ThreadedAnvilChunkStorage (DIM1): All chunks are saved
[23:59:22] [Server thread/INFO] [minecraft/MinecraftServer]: ThreadedAnvilChunkStorage (DIM-1): All chunks are saved
[23:59:22] [Server thread/INFO] [minecraft/MinecraftServer]: ThreadedAnvilChunkStorage: All dimensions are saved
[23:59:22] [Server thread/INFO] [minecraft/MinecraftServer]: Saved the game
[23:59:49] [Server thread/INFO] [minecraft/MinecraftServer]: Stopping the server
[23:59:49] [Server thread/INFO] [minecraft/MinecraftServer]: Stopping server
[23:59:49] [Server thread/INFO] [minecraft/MinecraftServer]: Saving players
[23:59:49] [Server thread/INFO] [minecraft/MinecraftServer]: Saving worlds
[23:59:49] [Server thread/INFO] [minecraft/MinecraftServer]: Saving chunks for level 'ServerLevel[T007-new-world]'/minecraft:overworld
[23:59:50] [Server thread/INFO] [minecraft/MinecraftServer]: Saving chunks for level 'ServerLevel[T007-new-world]'/minecraft:the_end
[23:59:50] [Server thread/INFO] [minecraft/MinecraftServer]: Saving chunks for level 'ServerLevel[T007-new-world]'/minecraft:the_nether
[23:59:50] [Server thread/DEBUG] [ne.ne.ne.co.CommonHooks/WP]: Gathered mod list to write to world save T007-new-world
[23:59:50] [Server thread/INFO] [minecraft/MinecraftServer]: ThreadedAnvilChunkStorage (T007-new-world): All chunks are saved
[23:59:50] [Server thread/INFO] [minecraft/MinecraftServer]: ThreadedAnvilChunkStorage (DIM1): All chunks are saved
[23:59:50] [Server thread/INFO] [minecraft/MinecraftServer]: ThreadedAnvilChunkStorage (DIM-1): All chunks are saved
[23:59:50] [Server thread/INFO] [minecraft/MinecraftServer]: ThreadedAnvilChunkStorage: All dimensions are saved
[23:59:50] [Server thread/DEBUG] [ne.ne.fm.co.ConfigTracker/CONFIG]: Unloading configs type SERVER

[Incubating] Problems report is available at: file:///D:/workspace/java/simple-rail-1.21.1/build/reports/problems/problems-report.html

Deprecated Gradle features were used in this build, making it incompatible with Gradle 10.

You can use '--warning-mode all' to show the individual deprecation warnings and determine if they come from your own scripts or plugins.

For more on this, please refer to https://docs.gradle.org/9.2.1/userguide/command_line_interface.html#sec:command_line_warnings in the Gradle documentation.

BUILD SUCCESSFUL in 1m 14s
8 actionable tasks: 3 executed, 5 up-to-date
Watched directory hierarchies: [D:\workspace\java\simple-rail-1.21.1]

D:\workspace\java\simple-rail-1.21.1>if 0 EQU 0 goto mainEnd 

D:\workspace\java\simple-rail-1.21.1>if "Windows_NT" == "Windows_NT" endlocal
